0,0
BUENO,6.07458910175054
BUENO,5.546908919858867
BUENO,5.850133642236548
BUENO,5.6188392443927455
BUENO,5.827300564540673
BUENO,6.006704214379123
MALO,5.317378458396163
MALO,5.706916632948472
BUENO,5.3364289869612955
BUENO,5.9006018693465965
MALO,5.559897648007223
BUENO,6.153072696598654
BUENO,6.222920006577439
MALO,5.310016212405214
MALO,5.62804272587011
MALO,5.5408600023448535
BUENO,5.859321438149131
MALO,5.4578213816708026
BUENO,6.621440194554022
MALO,5.563228395077118
BUENO,5.999512467734828
MALO,5.392970588882875
MALO,5.119571165936063
BUENO,6.761035038664875
BUENO,6.109115617974712
BUENO,5.3205245910436645
BUENO,6.495324035443405
BUENO,5.747772757084518
MALO,5.318696962190573
BUENO,6.804843304459231
BUENO,5.650217579403863
BUENO,6.491458929041977
BUENO,5.95442242931741
BUENO,6.713499522494374
MALO,5.534821337685996
BUENO,6.1308253284626595
BUENO,5.795224549755622
BUENO,5.768882313814943
BUENO,6.905609448547946
BUENO,5.672566119754535
BUENO,5.94378076577515
MALO,5.015544557749652
BUENO,6.614174024703344
MALO,5.814220539626184
BUENO,6.8578880451741036
BUENO,6.63153054062753
BUENO,6.1376149178437664
BUENO,5.985821922952969
MALO,5.400697865089189
BUENO,5.801325977717969
BUENO,5.545849258914894
BUENO,6.190742860652868
BUENO,5.3862824347761515
MALO,4.698924393170932
BUENO,5.9236538663688645
BUENO,6.221782008779729
MALO,5.287334699254867
BUENO,5.489663745328639
MALO,5.742560195125448
BUENO,6.098780253284682
MALO,4.727802393833908
MALO,5.41900782614225
BUENO,5.781442865191522
BUENO,5.815862898792809
BUENO,5.97132555669851
BUENO,6.0365471927106125
BUENO,5.808255299590785
BUENO,5.8123408598316555
BUENO,6.325255742372436
MALO,4.677542879127357
BUENO,5.225540979961684
BUENO,6.607592376231636
BUENO,5.794400567788498
BUENO,5.954612194607389
BUENO,6.290159415930161
BUENO,6.140365007775969
BUENO,5.8585263683256485
BUENO,6.047461562471187
BUENO,6.141138571324895
BUENO,5.806232159278211
BUENO,5.269347503759494
BUENO,6.1089553684036435
MALO,5.534681419144335
MALO,5.1564635690451635
BUENO,5.717665917083325
MALO,5.478459045942792
BUENO,6.278796400514572
MALO,5.307905043319959
BUENO,5.517064548083027
BUENO,5.648542275241294
BUENO,6.676042254067816
BUENO,5.506763874430414
BUENO,6.247911716013911
MALO,5.31155347051412
MALO,5.778073594837817
MALO,4.969072314839827
BUENO,6.284760211398076
BUENO,5.331043934582443
BUENO,5.989639235279974
BUENO,5.972141694824623
BUENO,5.551360155508812
BUENO,6.760838460806207
BUENO,5.941385024563922
BUENO,6.508664090299215
MALO,6.195813182228488
BUENO,6.150108703300994
BUENO,6.222151937613745
BUENO,5.611987638578978
MALO,5.568496676136107
BUENO,6.123253638248929
MALO,5.5213295263896605
BUENO,6.068073434790582
MALO,5.600793870939465
BUENO,5.783944207925211
BUENO,6.134094507051607
BUENO,5.7436152389582915
BUENO,6.127962851081616
MALO,5.038498384345102
MALO,5.6831354470283575
BUENO,6.56307361545829
MALO,5.051939709469133
MALO,5.598705862673465
BUENO,6.767748272159574
BUENO,6.406612960137236
MALO,6.249158320540786
BUENO,5.732787783143037
BUENO,6.227970409803255
BUENO,5.4733460302817765
BUENO,6.41720030189831
BUENO,5.543497796455036
MALO,5.54713250473335
BUENO,5.613945471329302
BUENO,5.942087115258085
BUENO,5.738575687686361
BUENO,6.015391026824307
BUENO,6.4421670053019024
BUENO,7.091010323826556
BUENO,6.543518451493195
BUENO,6.077442419655565
BUENO,6.26406860274577
BUENO,6.240139455180127
MALO,5.7308159239395255
BUENO,5.613928610010737
BUENO,5.932460195829661
BUENO,6.115580655667786
BUENO,6.251840638044182
MALO,5.176218807511329
BUENO,6.193011044806758
BUENO,6.623376003644392
BUENO,5.61797656308983
BUENO,6.094855370423129
BUENO,6.7889097769589775
BUENO,6.4243948475636365
BUENO,6.138172632750614
BUENO,5.928428652768032
MALO,4.600904437115363
BUENO,6.331263153816794
BUENO,5.5320996918140555
BUENO,6.269676529599492
BUENO,6.610954438733938
BUENO,6.313082637251563
BUENO,6.046560810587303
BUENO,6.016770856931174
BUENO,6.281562654422931
BUENO,5.50283269954672
BUENO,5.669646483833656
MALO,5.7994227125514
BUENO,5.362340971861455
BUENO,5.801405088511428
MALO,5.340781076754596
BUENO,6.071575191031647
BUENO,6.007611098796387
BUENO,6.667922305360781
BUENO,5.858402393992499
MALO,4.638315706140785
MALO,5.856290268706795
BUENO,5.941981751886444
BUENO,5.790080219840357
BUENO,6.284360531305545
MALO,5.173718417852212
BUENO,6.3794721880304195
MALO,5.1898840111299425
BUENO,5.96907861956663
BUENO,5.780071055387381
MALO,5.878437570105461
BUENO,5.864646912107791
MALO,5.647210942144892
MALO,5.754717028447484
BUENO,5.917294206000966
MALO,5.502125468284294
MALO,5.334756063101784
BUENO,6.211854786232593
BUENO,6.059718806075757
BUENO,6.352114822446351
MALO,5.343465832992337
MALO,5.548363784165385
BUENO,6.026374139678515
BUENO,6.361719632896129
BUENO,5.404661101122237
BUENO,6.111469288858452
BUENO,6.006444850495511
MALO,5.43365187550876
BUENO,6.926797670069432
MALO,4.822861818652054
BUENO,6.828020727210701
BUENO,6.313649260119096
BUENO,5.923070108412359
MALO,5.391391079349376
BUENO,6.215937286837088
BUENO,6.255618442495958
BUENO,5.7021469845637505
BUENO,6.1129259593558345
BUENO,6.284760211398076
MALO,5.498572967723293
BUENO,6.562455694733041
BUENO,6.696824814159129
BUENO,5.94498284494132
BUENO,5.9102199189851135
BUENO,5.883884790155957
MALO,5.495733536859602
BUENO,6.242933799699092
MALO,5.728157486247216
BUENO,6.3173170529412985
MALO,5.531695778204711
MALO,5.397650942135156
MALO,5.907963740083882
MALO,5.336613979364078
BUENO,6.243713242215344
BUENO,6.081993651185211
MALO,5.680251206944921
MALO,5.667558907599803
BUENO,5.938814552969086
BUENO,6.455435530074563
BUENO,5.819470586602787
BUENO,6.035398339598357
BUENO,5.683172858195106
BUENO,5.818040730573854
BUENO,5.806316351147393
BUENO,6.073643134946769
BUENO,6.37836299805846
MALO,5.296852139794895
BUENO,6.088942504750925
MALO,5.537922728800233
MALO,5.600809831173334
MALO,5.011634248849807
BUENO,5.428406135236589
BUENO,6.428243802873208
BUENO,6.073849538864772
BUENO,5.957627996510771
BUENO,5.73051235132592
BUENO,6.406119586130959
MALO,5.290141522271973
BUENO,5.379479628637791
MALO,5.6819618714784745
BUENO,6.284760211398076
MALO,5.565519834164116
MALO,5.029205767195135
BUENO,6.218993257206494
BUENO,6.49578672259833
BUENO,5.936701899980891
BUENO,5.729688344965501
MALO,5.6008982998868415
MALO,5.955782944165123
BUENO,6.531137023776317
BUENO,5.584202579278644
BUENO,6.184696041893641
BUENO,6.3765185845074654
BUENO,6.261845019348044
BUENO,5.557160308430178
MALO,4.463287634078503
BUENO,6.117255551368118
BUENO,5.993342716012384
BUENO,5.869248295477005
BUENO,6.535197278236568
BUENO,6.292163574278712
BUENO,5.934083023235544
BUENO,5.87672092492045
MALO,5.89722665272325
BUENO,6.002994093669182
BUENO,6.3386541747378935
BUENO,6.325996848168941
MALO,5.651019288117465
BUENO,6.395083535109995
MALO,5.420653435241951
BUENO,6.098780253284682
BUENO,6.036608426429247
BUENO,6.456077261686234
BUENO,6.1674734815163585
BUENO,5.673089628502742
BUENO,5.797979648443752
BUENO,6.432872861223958
BUENO,6.090864509888906
BUENO,5.607485081276861
BUENO,5.856595067532435
BUENO,5.461392742655606
BUENO,6.093174862954356
BUENO,6.949342229928748
MALO,5.419271644843162
MALO,5.554201403802209
MALO,5.322646363304752
BUENO,6.341033878084518
BUENO,5.4828157469305765
BUENO,6.385350737670089
MALO,5.092738024304984
BUENO,6.525655317163801
BUENO,5.677513244681814
BUENO,6.036289905508752
BUENO,5.8773028312534015
BUENO,5.562524667160719
BUENO,5.806232159278211
BUENO,6.038969573277919
BUENO,5.281536637256536
BUENO,5.777360366154991
BUENO,6.363623049486334
MALO,5.541210005300785
MALO,5.693248946498381
MALO,5.5396749904811085
BUENO,5.375931947706384
MALO,6.031201899446032
BUENO,5.645578097156141
BUENO,6.298405273310083
BUENO,5.713013552169343
MALO,5.546748669690318
MALO,5.264441777434952
BUENO,5.807841384489525
BUENO,5.548152061357152
BUENO,6.086804032749484
MALO,5.136537058628557
BUENO,5.912475229518424
BUENO,6.094906290788194
BUENO,6.041188549901152
MALO,5.378937787669705
BUENO,5.884652250397272
BUENO,6.152155854483707
BUENO,5.857250273419096
MALO,5.22929264084118
BUENO,5.422565892635589
BUENO,6.232529736845084
MALO,5.427528980677119
BUENO,5.960622329339076
BUENO,5.540674114635933
BUENO,5.8750493506646055
BUENO,6.07520835486029
BUENO,5.99423966621862
BUENO,6.473129948474636
BUENO,6.07520835486029
BUENO,6.16647706872919
BUENO,6.160059259342416
BUENO,6.154121431743826
MALO,5.531364965301474
BUENO,6.650650546158486
MALO,5.516440057400592
BUENO,6.4178535920775275
MALO,5.63037879747175
MALO,5.267277595597976
BUENO,5.898171945099326
MALO,5.280900735736658
BUENO,6.472806864908337
BUENO,6.000359535330901
BUENO,5.953267275573452
BUENO,6.289743139737581
BUENO,5.879540301621558
BUENO,6.7502329479711385
MALO,5.335406753191787
BUENO,6.341855046237207
MALO,5.446566891050807
BUENO,5.339083672262971
BUENO,6.32194759701682
BUENO,6.496955556652333
BUENO,6.618776376761481
BUENO,5.83509430957084
BUENO,5.8305580214628865
MALO,5.4755323973655585
BUENO,5.8824782901470645
BUENO,6.217863393835744
BUENO,5.748978120582861
BUENO,6.2445765763643095
BUENO,5.972040029441574
BUENO,5.640477806204358
BUENO,6.528466867175629
MALO,6.063042190216143
BUENO,5.530964924252153
BUENO,6.618291967735802
BUENO,6.218000242230643
MALO,5.496038243390936
BUENO,6.118861990559283
BUENO,5.443351865122766
BUENO,5.55540148063297
BUENO,6.34980897890841
MALO,5.498572967723293
BUENO,5.913992197484436
BUENO,6.129663949874374
MALO,5.684040131853209
MALO,5.578781353427469
BUENO,5.933415632092052
BUENO,5.826096058791276
BUENO,5.732787783143037
MALO,5.268758538720833
BUENO,5.936485562703217
BUENO,5.957702690026755
MALO,5.624151674443484
BUENO,5.539839434997582
BUENO,5.5535304260145395
MALO,5.047621682131277
BUENO,5.996712646757247
MALO,5.2175025941531885
BUENO,6.065359018565413
BUENO,6.708177509741494
BUENO,5.712828378936882
MALO,5.831062524700085
BUENO,6.378547602193997
BUENO,5.588607168087606
BUENO,6.48957614074715
BUENO,5.85487786894546
BUENO,6.155154355624877
MALO,5.758788698195472
BUENO,5.929831470680151
BUENO,6.06055401668665
BUENO,5.988765835264479
BUENO,5.985781360203425
BUENO,5.6836328963589775
BUENO,5.92506789090241
BUENO,7.1710486026730536
BUENO,6.223002774795356
MALO,5.864823105673153
MALO,5.637734192924808
BUENO,6.096132758867055
BUENO,6.380430246621744
MALO,5.579800981583009
BUENO,5.825400051118397
BUENO,6.858174695584767
BUENO,6.28734234906859
BUENO,5.993268144838694
BUENO,5.698429313543571
MALO,5.262362362462847
MALO,5.554309956166152
BUENO,6.457750659224498
BUENO,5.82887995737042
MALO,4.671834463632374
MALO,5.552448936556383
BUENO,6.124648160659943
BUENO,6.402295696751237
BUENO,6.048645240830487
BUENO,6.081287201626866
BUENO,6.166559246050631
BUENO,6.12424098358281
BUENO,7.110556905127973
BUENO,6.0289962383720805
BUENO,6.419435807312716
MALO,5.612162107555374
BUENO,5.949218900840863
MALO,5.576836880278652
BUENO,6.325691493907236
MALO,5.692443308936085
BUENO,6.285779192567979
MALO,5.945364315987163
BUENO,6.396731365118896
BUENO,5.425618098998921
MALO,5.4548440246376675
MALO,5.5075967157999814
BUENO,6.316983295580174
MALO,5.326278533810616
BUENO,6.473881373771249
BUENO,6.138590867633276
BUENO,5.613866562975005
BUENO,6.2407882256964005
BUENO,6.5549151801860575
BUENO,5.610459952116892
BUENO,6.015372271185237
BUENO,5.433729855979842
BUENO,5.578455055157635
MALO,5.416935318754005
BUENO,7.0510194763432406
BUENO,7.027824077598696
BUENO,5.818414429337758
BUENO,6.314474330851141
MALO,5.658217534236059
BUENO,6.365953868253888
MALO,5.555423742603272
MALO,5.6237127442012085
BUENO,6.222078745322023
BUENO,5.805330483594441
MALO,5.612796706157173
BUENO,5.963121024911765
BUENO,6.44932047459641
MALO,4.6248089769146405
BUENO,5.886530396132375
BUENO,6.1043747492899065
BUENO,5.758104908364643
BUENO,6.019773486630822
BUENO,6.257671265995292
BUENO,5.626827633410294
BUENO,6.419621137487239
MALO,5.391360804966181
MALO,5.559470863075714
BUENO,5.76672429914545
BUENO,6.512495722565047
BUENO,6.01046205001608
MALO,5.630782060347844
BUENO,5.8800091679263815
BUENO,6.452390122995427
BUENO,6.197773321766998
BUENO,6.819622160329846
BUENO,6.030550320449098
MALO,5.896615642350568
BUENO,5.661446391546436
BUENO,5.7621386515975885
BUENO,5.904925853862262
BUENO,6.525077368470166
BUENO,5.7259598930052
BUENO,6.652385709953332
MALO,5.4468067093121615
BUENO,5.570550013555589
BUENO,5.870636494670924
BUENO,6.227449060766297
MALO,5.214406002965648
BUENO,6.084842986819018
BUENO,5.884090401795221
BUENO,6.522572008930352
MALO,5.564321433529159
BUENO,5.615096634572726
BUENO,6.1610103728501695
BUENO,5.792977094058389
BUENO,5.95975775831927
BUENO,6.3491278834320095
BUENO,6.0725723992897205
BUENO,6.738796340452346
BUENO,6.081399936940857
BUENO,6.507493414563051
BUENO,5.56035237519959
BUENO,5.943884915250505
BUENO,5.857010875494436
BUENO,5.9996898613797
BUENO,6.379104792782201
BUENO,6.42759118433705
BUENO,5.702868335753992
MALO,5.177008138153038
MALO,5.300680909646761
BUENO,5.759563207500019
BUENO,6.037725219407401
BUENO,6.441005078272834
BUENO,6.640383026408999
MALO,5.003395468714783
BUENO,6.029418400449704
BUENO,6.684142116933257
MALO,5.625800346131424
BUENO,6.057423709111241
BUENO,5.498664528481614
MALO,5.630734429847902
BUENO,5.821739984870783
BUENO,6.408221405818805
BUENO,5.715436858587053
BUENO,6.366524305127582
BUENO,5.7391128718907005
MALO,5.647342560861338
BUENO,6.1746700888097035
BUENO,5.565893195494624
BUENO,6.322368336774762
BUENO,5.425618098998921
BUENO,5.514236307910668
BUENO,5.896492212309278
MALO,5.6501391519314375
BUENO,5.836469574871561
MALO,5.578781353427469
BUENO,6.294317892252495
BUENO,6.060915719925594
BUENO,6.559585765622671
BUENO,6.770955595129832
BUENO,6.150437162563639
BUENO,5.945783769981052
MALO,6.180750123158243
BUENO,5.93002818215558
BUENO,6.437159875810519
MALO,5.342572594043892
MALO,5.377287641611842
MALO,5.5801373737007385
BUENO,6.257671265995292
MALO,4.859873328330687
MALO,5.624287664299246
MALO,5.446566891050807
BUENO,6.61165961466846
MALO,5.173802497809364
BUENO,5.713013552169343
MALO,5.431111073251852
BUENO,6.46537163618803
BUENO,5.722663514756821
BUENO,6.113056848041084
BUENO,5.641738152420354
BUENO,6.508664090299215
MALO,5.176435889232771
BUENO,5.559118576168629
BUENO,5.832937397049419
BUENO,5.838097963622534
BUENO,6.144271076714363
BUENO,6.214562828883112
BUENO,5.921490524935463
MALO,6.171416029912638
BUENO,6.4037059631446915
BUENO,6.215584770827023
MALO,5.54948701665127
MALO,5.5741718987598485
MALO,5.752735146266666
MALO,5.296180303524734
MALO,5.143549443009572
BUENO,5.563924303060631
BUENO,6.300273608729475
MALO,5.681385124152948
MALO,4.856864918496958
BUENO,6.617141567601092
BUENO,6.781240999228249
BUENO,6.3835569222582205
MALO,5.578295533216547
BUENO,5.946297289944928
MALO,5.620014783856856
BUENO,6.7691118258698975
MALO,5.734014473541013
MALO,5.2488319215444825
BUENO,6.343273144934535
BUENO,5.529822746439548
BUENO,5.732787783143037
BUENO,6.0923418302813594
MALO,5.431620508060066
MALO,5.29485584381919
BUENO,6.846450107071481
BUENO,6.592384442665512
BUENO,6.236004596551491
BUENO,5.472754362105759
MALO,5.510937673038944
BUENO,6.4621943051611925
BUENO,6.283186348663497
BUENO,5.497850666646971
MALO,5.433486872696956
MALO,5.352815163274478
MALO,5.422037712052719
BUENO,5.704859613364732
BUENO,6.530946506568302
BUENO,5.931457377777841
BUENO,6.848443358656578
BUENO,6.346167526379073
MALO,5.184925760370037
BUENO,5.871034054906165
BUENO,6.283312310210048
BUENO,5.56035237519959
BUENO,5.90205007595969
MALO,5.231418054904578
BUENO,5.857010875494436
BUENO,5.318162666883991
BUENO,6.619267486159503
BUENO,6.209739251740267
BUENO,5.715251413538461
BUENO,6.389762708209021
MALO,5.465714691612362
MALO,4.802836990849256
BUENO,6.511585766286389
MALO,5.549479587079748
BUENO,5.822858504318409
BUENO,5.557160308430178
BUENO,6.650321538595884
BUENO,6.031808544609241
BUENO,6.230620513518421
BUENO,6.146396561597038
BUENO,6.371614274596663
BUENO,6.222402195385733
BUENO,6.3493480458805625
MALO,5.545210689162624
MALO,5.844959649781441
BUENO,6.147015558176815
BUENO,6.202573627209176
BUENO,6.717860849806824
MALO,5.314025917975684
MALO,5.414470232303266
MALO,5.230482558026185
BUENO,5.819454710387187
BUENO,5.804378690937309
MALO,5.2488319215444825
BUENO,5.942824966232097
BUENO,5.823050893622138
MALO,4.802392250568122
BUENO,5.859321438149131
MALO,5.575669413077392
BUENO,6.371385124910326
MALO,5.541698470259613
BUENO,6.043310231765059
MALO,5.320140566843781
BUENO,5.738554835187193
BUENO,6.297495786737892
BUENO,5.88845528933189
BUENO,5.86814150051212
BUENO,6.779269040786884
BUENO,5.366459530115984
BUENO,6.342074247526506
BUENO,6.050244723797434
MALO,5.191034065502636
BUENO,5.382808383367623
MALO,5.392970588882875
MALO,5.546687728551921
BUENO,5.792350122193909
BUENO,6.385154019102346
BUENO,6.379185065687217
BUENO,6.284520618463652
BUENO,6.134094507051607
BUENO,6.317964541064386
BUENO,5.501794876425089
BUENO,6.294324092625871
BUENO,5.7108700098127105
BUENO,5.5859631079605325
BUENO,5.901698259859797
BUENO,6.868421658674581
BUENO,5.711251207481892
BUENO,5.610459952116892
BUENO,5.572392339962706
MALO,5.556240420721075
BUENO,6.397224527397455
MALO,5.106323214099337
BUENO,5.406981853827848
BUENO,5.737964203212638
BUENO,6.367198828730221
MALO,5.072419186708547
BUENO,5.762469119992022
MALO,5.365528600882696
BUENO,6.093281215781062
BUENO,6.047362346362184
MALO,5.602816739969693
MALO,5.167468634651771
BUENO,6.37071855562086
BUENO,5.578455055157635
BUENO,5.759995518733085
MALO,5.485456330598782
MALO,5.210521434088552
BUENO,7.063068881030405
MALO,5.084697599663974
BUENO,5.906447403512736
BUENO,6.670827344828911
BUENO,5.544875996739458
BUENO,5.771984679373755
BUENO,6.423360672315942
BUENO,5.757317924514194
BUENO,5.718948609573731
BUENO,5.906571512615985
BUENO,6.303746511377012
BUENO,6.098663229396194
BUENO,6.173384676253946
MALO,5.612796706157173
MALO,5.469720896682631
BUENO,6.312380114639675
BUENO,6.456999683307126
MALO,5.469720896682631
BUENO,6.1400272166126335
BUENO,6.448434198452791
MALO,5.915440352143323
BUENO,5.645717212010602
BUENO,5.713614596442005
MALO,4.7230988629623845
MALO,5.467632515886439
BUENO,5.753336019212826
MALO,5.09394200419475
BUENO,6.500759198454542
BUENO,6.273933671116046
MALO,5.3008137923986105
MALO,5.685843622288184
BUENO,6.500994101270432
BUENO,5.554633451854267
BUENO,5.881341938815423
BUENO,6.719465753238071
BUENO,6.102914930965374
MALO,5.284696371181829
BUENO,5.979761749032182
BUENO,6.535874509845851
MALO,5.082859783901812
BUENO,6.247836451744313
BUENO,6.10832981885806
BUENO,6.8823048249274095
BUENO,6.215182901203678
BUENO,5.722453306676105
MALO,5.613620940100773
MALO,5.8890112210944405
MALO,5.340781076754596
MALO,5.498605608109642
BUENO,5.5441691793357535
MALO,5.446340438827559
BUENO,6.08014070290009
BUENO,6.190785956814453
MALO,5.6673278205819395
MALO,5.154021551355568
BUENO,6.32365727902619
MALO,5.675539341734263
MALO,4.959336186082068
BUENO,6.139946592183336
BUENO,5.48957318304296
MALO,5.688987058629683
BUENO,5.602499970786395
MALO,5.4824159665538055
MALO,4.890098910942559
BUENO,6.4661492094854776
BUENO,6.118861990559283
BUENO,5.771094515225494
MALO,5.718791761450548
MALO,5.765740317174437
BUENO,6.21217534842682
MALO,5.548363784165385
MALO,4.57818677885421
MALO,5.54713250473335
BUENO,6.03527188248553
MALO,5.0902349067072015
BUENO,5.5904286951223865
BUENO,6.31064166409722
BUENO,6.432902005758489
BUENO,6.919709562439062
BUENO,5.545273223242816
BUENO,5.7234215811900615
BUENO,5.689410255207614
MALO,5.370887556754901
BUENO,6.331587289313166
BUENO,5.67861877242892
MALO,5.611033101705047
BUENO,6.715833205299676
BUENO,6.154071277924505
BUENO,5.976735059748614
BUENO,5.7865409833100365
BUENO,5.6219738572285625
BUENO,6.27298925780881
BUENO,6.5668151310033736
BUENO,6.152745939575049
MALO,5.389150428863294
BUENO,5.976735059748614
BUENO,6.322368336774762
BUENO,6.047783369510416
MALO,5.084822984571282
BUENO,5.969214670578442
BUENO,5.418572743168079
BUENO,6.060318060507206
BUENO,6.165887155826015
BUENO,6.468458570418239
BUENO,6.065359018565413
BUENO,5.9229112774296375
BUENO,5.936110019688061
MALO,4.893372882501567
BUENO,6.694033267084215
BUENO,5.782119843292124
BUENO,5.847905764893161
BUENO,6.361086031599877
MALO,5.396114950453553
BUENO,6.025126122976076
BUENO,6.160059259342416
BUENO,5.686461358907797
BUENO,6.1021772677440405
BUENO,6.1798786547406035
BUENO,5.648542275241294
BUENO,5.976732584502356
BUENO,6.0433132861681
BUENO,6.201704006287268
BUENO,6.136725380968594
MALO,5.52240877737679
MALO,5.5217687342177175
MALO,5.290344353246567
BUENO,5.958991794336875
BUENO,5.98760681469255
BUENO,6.5933518248597895
BUENO,6.186100821334518
MALO,4.745039203672451
MALO,4.765278434576286
MALO,5.345694334440088
BUENO,6.348079731789509
BUENO,5.742854946866352
MALO,5.393724696155864
MALO,5.587076809908353
BUENO,6.694046767335728
BUENO,6.011901900790116
BUENO,5.663694001713793
MALO,5.307725316249435
MALO,5.145816284855041
BUENO,5.517601094893553
MALO,5.421757694771976
BUENO,6.018435242149469
MALO,5.623066010227859
BUENO,5.644384844813677
MALO,6.141780385739912
MALO,5.177532847635426
BUENO,6.239581172313182
BUENO,6.612368746564343
BUENO,6.008502182950176
BUENO,5.79197606298669
BUENO,5.798103757269459
BUENO,5.646717246677611
BUENO,6.297707520983494
MALO,5.231001082417407
BUENO,5.887740666349579
BUENO,5.843275045936899
MALO,5.97576098204264
MALO,4.7230988629623845
BUENO,5.978267337539384
BUENO,5.758906969422821
BUENO,6.027633074548085
MALO,5.718895661979259
BUENO,6.033988440798006
BUENO,5.57432727262538
MALO,5.415814093472209
MALO,5.012149583053018
BUENO,6.071451093826619
BUENO,5.737349377698746
BUENO,6.242829448530218
BUENO,6.148519949982103
BUENO,5.76780632768379
BUENO,6.156254543506995
BUENO,6.127797141944612
BUENO,6.364807955280833
MALO,5.012097568080234
BUENO,6.2099587838178465
MALO,5.16136703001319
MALO,5.191034065502636
MALO,5.328241891420715
BUENO,5.814546326426696
BUENO,6.155666803253662
BUENO,6.768391705235388
BUENO,6.010257051042803
BUENO,6.252211738128045
BUENO,5.832398648033475
MALO,5.062237082034031
MALO,5.538054111424003
BUENO,6.134094507051607
BUENO,6.081766450689157
BUENO,6.754652393270343
MALO,5.361308613526342
BUENO,5.637258595600793
BUENO,6.350600283487113
BUENO,6.216758342780183
BUENO,6.306245428833984
BUENO,6.304041174449738
MALO,5.501233273974726
MALO,5.190761909106316
MALO,5.281257369302191
BUENO,6.198506515226846
MALO,5.400406258761404
BUENO,5.805726045609422
BUENO,5.97132555669851
MALO,5.302507463229411
MALO,4.757056595366031
MALO,5.468617109825643
BUENO,5.96905725317084
MALO,6.170858827386473
MALO,5.347663083590071
BUENO,6.2367371376498735
MALO,5.304388850315469
BUENO,6.345354462931411
BUENO,6.354580211945175
BUENO,5.317083906290247
BUENO,5.519165083763244
BUENO,5.7657283277406
BUENO,6.383527224842913
BUENO,6.316208711720202
BUENO,6.167051683903905
BUENO,6.434963530367703
MALO,5.77601444069536
BUENO,6.106901239015608
MALO,5.765740317174437
BUENO,5.727464395995942
BUENO,6.041649239573353
BUENO,5.329511065477931
BUENO,6.0180137423036575
BUENO,6.162979176880587
BUENO,6.240700730769408
BUENO,6.306245428833984
BUENO,5.57432727262538
BUENO,5.840444680753041
BUENO,6.015986957584619
BUENO,5.930444175571856
BUENO,5.897947481458838
MALO,5.329997509542954
BUENO,5.3244037278494645
MALO,5.569124358799337
BUENO,6.131676596998659
MALO,5.031415852238619
MALO,5.276075573377529
MALO,5.281257369302191
MALO,5.272370617547265
BUENO,5.559118576168629
MALO,5.385858500876976
BUENO,6.297938150192859
BUENO,6.244245469348298
BUENO,6.780672235757185
BUENO,6.668813654167829
MALO,5.357983329640526
BUENO,5.68446605112087
BUENO,6.6487228112754675
MALO,5.999705020357654
BUENO,5.57432727262538
MALO,5.280900735736658
BUENO,6.290698552898176
BUENO,6.1283157511413116
BUENO,6.586396313523263
BUENO,5.927424630127082
MALO,5.516093739768184
BUENO,5.748239152387989
BUENO,5.809109349209011
BUENO,6.3701657187249285
MALO,5.2298823766039035
MALO,5.106298121196318
BUENO,5.938814552969086
BUENO,5.900143835122214
BUENO,5.573704941826121
BUENO,5.703130153606537
BUENO,6.715112498449928
BUENO,6.057307611811509
BUENO,5.966383485719401
BUENO,6.606521275481487
BUENO,5.718273022133886
BUENO,6.297938150192859
BUENO,6.515436858067847
BUENO,6.366358909834219
BUENO,5.61797656308983
BUENO,5.851198104190331
MALO,5.485292717163851
MALO,5.942387137248273
BUENO,6.5325757259404345
BUENO,6.526179336707221
BUENO,5.697332155203384
MALO,5.404557256065996
BUENO,6.424355091850316
BUENO,5.873550363357868
MALO,5.250037297674753
MALO,5.122728083982475
BUENO,5.665270488614983
MALO,4.9465796968416775
MALO,5.401755745550814
BUENO,5.614868303443563
BUENO,5.759931927906302
MALO,5.6831354470283575
MALO,5.367604770545208
BUENO,6.299574826235986
MALO,5.725962922932011
BUENO,5.863163906400217
BUENO,6.154882274339483
BUENO,5.84552764725799
BUENO,5.876584485163737
BUENO,6.0365471927106125
MALO,5.301280426453887
BUENO,6.158842010164488
MALO,5.9236337102828855
BUENO,6.291272569252282
BUENO,5.625392081781278
MALO,5.289721882476998
MALO,5.4034689605993655
BUENO,6.369507253756559
BUENO,5.469967532750292
BUENO,6.530771958494119
BUENO,6.203119120403844
BUENO,6.133172949082487
BUENO,5.947420125782063
MALO,5.435291574680023
BUENO,5.907355708184042
MALO,5.372105754742219
BUENO,6.124136984165688
BUENO,6.571287123507657
BUENO,6.133115879286208
MALO,5.4113136981811945
BUENO,5.626934743461767
MALO,5.4794987365599095
BUENO,6.719968165419207
BUENO,5.867267691205717
BUENO,6.689400162362244
BUENO,5.968081324368939
BUENO,6.701798873922979
MALO,5.213396386942547
MALO,5.553395472100255
MALO,5.547898278147402
BUENO,5.697070804922625
MALO,5.443036489901665
MALO,5.1881082283609015
BUENO,6.391260580375327
BUENO,5.878242923079645
MALO,5.916667826119573
BUENO,5.391841402321686
BUENO,6.597922058395991
BUENO,5.962374253981594
BUENO,6.751250372930535
BUENO,5.970838683333685
MALO,4.825023876044828
BUENO,5.55540148063297
BUENO,6.2143998759676045
MALO,5.412601008653777
MALO,5.361001445667794
BUENO,6.198245975677617
MALO,5.61738957947812
BUENO,5.579879214074525
BUENO,5.47624833380007
BUENO,5.733790071973631
MALO,5.344125900368743
BUENO,6.034491228303361
BUENO,6.476273211422907
BUENO,6.1985477852330675
BUENO,6.3604570148603035
BUENO,5.867622595176757
BUENO,5.783869709626903
BUENO,5.551360155508812
BUENO,6.1639558643006325
MALO,5.3305042077931795
BUENO,6.022569656298332
BUENO,6.912960175835581
BUENO,5.6190074617008605
MALO,5.1582424030742136
BUENO,6.14990802526558
BUENO,5.948151585011689
BUENO,5.72686177990991
BUENO,6.409426038866668
BUENO,5.7372989183001195
BUENO,5.865498831165047
MALO,5.601735498424832
BUENO,5.259203386927177
BUENO,6.025137672084087
MALO,5.108075140353453
MALO,6.190949560992237
BUENO,6.5013971685672
BUENO,6.111813417573591
MALO,5.492777266483115
BUENO,5.9188145290826135
BUENO,5.78457924473282
BUENO,5.678390660145411
BUENO,5.754613940480862
BUENO,5.840444680753041
BUENO,6.106334921649768
MALO,5.3910435154048635
BUENO,6.249622158412423
BUENO,6.122681546079809
MALO,6.065127014212911
MALO,5.693450360912529
BUENO,5.421083837448814
BUENO,5.640477806204358
BUENO,6.196919690288199
MALO,5.805122816738498
MALO,5.195088144598307
BUENO,6.575298266022962
BUENO,6.361086031599877
MALO,5.151294221399663
BUENO,6.5021699814309795
BUENO,5.782491169232298
BUENO,5.419688550270283
MALO,5.31372583384854
BUENO,6.330983086876648
MALO,5.221241034219366
BUENO,5.5904286951223865
BUENO,6.349530519493703
BUENO,5.668248616214756
BUENO,6.329768569074226
MALO,5.495942929890999
BUENO,5.907355708184042
BUENO,6.622635571449138
MALO,6.237593803380564
MALO,5.637734192924808
BUENO,5.725447295535166
BUENO,6.191295628905987
MALO,5.13463062402562
MALO,5.258586010854806
BUENO,5.9555409648754125
BUENO,5.873550363357868
BUENO,5.7483064001607715
BUENO,6.0205060463169495
BUENO,5.786555387132017
BUENO,5.920412930018218
BUENO,5.596396773095481
BUENO,5.842414066540158
BUENO,5.6680791235810535
MALO,5.074731064676348
BUENO,5.3980750026942
BUENO,6.377177913889085
BUENO,5.342820485918132
BUENO,5.687834452712778
MALO,5.149556862486769
BUENO,6.080491655345053
MALO,4.971552176540374
BUENO,5.75698769579018
BUENO,5.95736483585154
BUENO,6.17337461453541
MALO,5.875199749649159
MALO,5.37254385041591
BUENO,6.201704006287268
BUENO,6.430605751540565
BUENO,5.733152582558083
BUENO,5.863163906400217
BUENO,6.030808799835951
BUENO,6.0365471927106125
MALO,4.612410971142479
BUENO,6.010107337904975
BUENO,6.391774581263141
MALO,5.491191858335842
BUENO,6.357841348703664
BUENO,6.244322347725618
BUENO,6.111813417573591
BUENO,6.813458600090684
BUENO,6.263531825197253
BUENO,5.545620381952736
BUENO,5.72543613413705
BUENO,6.609394983519197
BUENO,6.822303599049105
BUENO,6.134671352416883
MALO,5.741544456418401
MALO,5.16008481102128
BUENO,5.844517902699428
BUENO,6.351140181668573
BUENO,5.784551214983445
BUENO,6.297840598598086
BUENO,6.4173127092428945
BUENO,6.070708374436631
BUENO,5.9346670225133575
BUENO,6.1514825766038985
MALO,6.037979489341193
MALO,5.181088704579077
MALO,5.620277710834083
MALO,5.4624195017665365
BUENO,6.788582260364564
MALO,5.347597026952865
BUENO,6.336694736443114
BUENO,6.27547921081446
MALO,5.15245602621969
MALO,5.656730832243682
BUENO,6.024430237313497
BUENO,6.217863393835744
BUENO,6.131932233009762
BUENO,5.525919912911405
BUENO,6.776286097838534
MALO,5.461248207277119
BUENO,6.149695780909922
BUENO,6.087986955110072
BUENO,5.820217335683867
BUENO,6.288450681246292
BUENO,5.73664909886174
BUENO,5.551661035307353
BUENO,5.872673473123492
BUENO,6.1379150745277045
MALO,5.09394200419475
BUENO,5.771108393501041
MALO,5.232758778413733
MALO,5.683551095125113
BUENO,5.516334341706996
BUENO,5.557436427304252
BUENO,6.160818384139661
BUENO,5.949186336785659
BUENO,5.868978169782283
BUENO,6.421557043709489
BUENO,5.718273022133886
MALO,5.5847487926467405
BUENO,5.677505460433877
BUENO,5.9961712897508
MALO,5.942878939287882
BUENO,5.981636308348271
BUENO,6.509664007888713
BUENO,6.688284941253206
BUENO,5.442598605551121
BUENO,6.3363342500592985
MALO,5.05759650357804
MALO,5.772390284964514
MALO,5.213573817600826
MALO,5.3689574728793374
BUENO,5.444996047368484
BUENO,5.918663790062734
MALO,5.465714691612362
BUENO,5.776369460623123
MALO,5.605592944711685
BUENO,6.657367096721114
BUENO,6.541681386637141
BUENO,6.45497104267395
BUENO,6.120087846556986
BUENO,6.128634809010755
BUENO,5.98623353921815
MALO,5.146715551916746
MALO,5.468617109825643
BUENO,5.99422135410209
MALO,5.371462796149496
BUENO,5.429320519086838
BUENO,6.4661492094854776
MALO,5.452099506986722
BUENO,5.987568342731809
BUENO,5.727121847281663
MALO,5.511721686338772
MALO,5.184075608925333
BUENO,5.845951635080995
BUENO,6.054829770565984
BUENO,5.700703716277934
MALO,4.513449839212857
BUENO,6.156979005314822
BUENO,6.064339272194862
BUENO,6.395083535109995
BUENO,6.5874405582582725
BUENO,5.609212616932276
BUENO,5.969531736641274
BUENO,6.034737543848982
BUENO,6.283312310210048
BUENO,5.926088359856632
BUENO,5.848218086325179
BUENO,6.593669195766681
MALO,5.1213775473765715
MALO,5.375914973753419
MALO,5.506556647056332
BUENO,6.24457226011301
BUENO,5.742703466808733
MALO,5.438446671097701
MALO,5.5867952787019055
BUENO,5.645182516897549
BUENO,5.683828380688599
BUENO,6.152637452721096
BUENO,5.840444680753041
BUENO,5.785068752607332
BUENO,5.785347747055402
BUENO,6.518234898581058
BUENO,5.600035458072137
BUENO,6.594557061687004
BUENO,5.758906969422821
MALO,5.32630530508164
BUENO,5.975953875649683
BUENO,6.289936814443282
BUENO,5.610459952116892
BUENO,6.059272100226601
MALO,5.5063017622747985
MALO,5.421306197361686
BUENO,6.744502635770209
BUENO,6.165887155826015
MALO,5.678767099809817
BUENO,6.335774367216999
BUENO,6.097812996674183
BUENO,5.928905355700617
BUENO,6.191967125762938
BUENO,5.871034054906165
MALO,5.2673726197624315
BUENO,6.090864509888906
BUENO,5.44726379137933
MALO,5.632291868434715
BUENO,6.167504493710313
BUENO,5.652332771474052
BUENO,5.67393419548241
MALO,5.060934706581691
BUENO,5.976639029252346
MALO,5.024046888693998
MALO,5.278980296350165
BUENO,5.6680305438153304
BUENO,6.218258802556274
BUENO,5.444513531356412
BUENO,6.484223722707927
BUENO,6.092960341029228
BUENO,6.608913784714018
BUENO,5.808001696884415
BUENO,6.68853824555997
MALO,5.032316892304982
BUENO,5.9648555609966625
BUENO,6.0790923814288504
BUENO,6.133031169685308
BUENO,6.363754573990427
BUENO,6.407397551209151
MALO,5.22929264084118
BUENO,6.235949111377973
BUENO,5.983716578094111
MALO,5.389604705975792
BUENO,5.996813764558758
BUENO,5.8760664866209105
BUENO,6.405805087679537
BUENO,6.26760242555498
BUENO,6.527526273031166
BUENO,6.051047431740791
MALO,5.396693776387282
MALO,5.667402369111841
BUENO,5.808247690530772
BUENO,5.966406063379626
BUENO,5.803732221277524
MALO,5.009848626166924
MALO,5.731838801566947
MALO,5.412578538191715
BUENO,5.773627137166343
MALO,5.467632515886439
MALO,5.429392387292108
BUENO,5.855783252494714
BUENO,6.165127466020902
BUENO,5.907093586808577
BUENO,5.875407713115916
BUENO,5.805972778004774
BUENO,5.687729222753157
BUENO,5.59494811608476
BUENO,5.697070804922625
BUENO,5.505689502500818
MALO,5.825067144647397
BUENO,5.814287110062333
BUENO,5.912317852360343
MALO,5.7155755854990264
BUENO,6.380106116520839
MALO,5.392074465621556
BUENO,6.091588303553667
BUENO,5.771444606571086
MALO,5.955782944165123
MALO,5.5640313303012565
BUENO,5.704589567891695
MALO,5.432915415789484
MALO,5.522078992938871
BUENO,6.073950766515896
BUENO,6.4728099808453035
BUENO,6.04223650578361
BUENO,5.820318321426556
MALO,5.237566940969259
BUENO,6.003417315944685
BUENO,6.047844755859769
BUENO,6.292356353476217
BUENO,6.341033878084518
BUENO,6.010005282149538
BUENO,5.648542275241294
BUENO,6.427815156618761
BUENO,6.138952717572408
BUENO,5.68472416235998
BUENO,5.585245673483389
BUENO,6.556000533813961
BUENO,6.105504181041995
BUENO,6.010127658778453
MALO,5.67591577769023
BUENO,6.120586107863804
BUENO,5.557160308430178
MALO,5.613620940100773
BUENO,6.395482367702044
MALO,5.420141852694609
BUENO,5.945437547076898
BUENO,5.644370437597026
BUENO,6.605508600458599
BUENO,5.772942281756025
MALO,5.354214773013991
BUENO,5.337755106350359
MALO,5.107534105193372
MALO,5.296852139794895
BUENO,6.531247331589224
BUENO,5.650217579403863
MALO,5.732110468981828
BUENO,6.326911557856672
BUENO,6.748071296274997
MALO,5.204384363495756
BUENO,6.325308640320429
BUENO,6.40536451868574
MALO,5.484312177949484
BUENO,6.373524563005821
BUENO,5.81624600309825
BUENO,6.148817213342678
BUENO,5.909156785950371
BUENO,6.177143227386857
BUENO,5.639237854928983
BUENO,6.271384152532534
MALO,5.629701147042136
MALO,5.57079363663969
BUENO,5.55367145741084
BUENO,6.284360531305545
BUENO,5.812797482833492
BUENO,6.01559146238346
MALO,4.535690753844049
BUENO,5.852691834394593
BUENO,6.020426871625377
BUENO,6.438578046935357
BUENO,5.520135057107304
BUENO,5.861446048863966
MALO,5.218692085628847
MALO,5.921771970075979
MALO,5.516632973980915
MALO,4.921523796684568
MALO,5.2748448626127065
BUENO,5.921827264881321
MALO,5.6501391519314375
BUENO,5.5441691793357535
MALO,5.606971425460387
BUENO,6.99695597052999
BUENO,5.779533412449002
BUENO,6.461732249704706
BUENO,6.313865899434173
MALO,4.62268386659022
BUENO,5.764453091114817
MALO,4.8828478655593415
MALO,5.340837498917351
BUENO,6.588146488878623
BUENO,5.851814723154881
BUENO,6.088731432927535
BUENO,6.172703919501078
MALO,5.931585546526319
BUENO,5.725447295535166
BUENO,6.196919690288199
BUENO,6.730558769350871
BUENO,5.53079856199302
MALO,5.445388337298313
BUENO,6.06327811767888
BUENO,6.2473229203654785
BUENO,6.116334973110526
BUENO,5.976657817414564
BUENO,6.035304421993844
BUENO,5.856768670465673
BUENO,6.005662426834311
BUENO,6.040023432326338
BUENO,5.818116180214753
BUENO,5.905373319464146
MALO,5.6575645243847585
BUENO,6.147145585993579
MALO,5.117565536963344
BUENO,6.702966283187584
BUENO,5.925330563439447
BUENO,5.975976575588792
BUENO,6.307072311431252
MALO,4.7946097297311665
MALO,5.184075608925333
MALO,5.460116457775623
BUENO,5.609212616932276
MALO,4.8380154715630805
MALO,5.781453066244737
MALO,5.539241205350575
BUENO,6.06504565982155
BUENO,6.430561327201405
BUENO,6.448434198452791
BUENO,5.756947577128724
MALO,5.412285604404435
MALO,5.55255106639466
BUENO,5.7673323957859495
BUENO,5.505672326869202
MALO,5.393466689757736
BUENO,6.223759269112078
MALO,5.062682976581119
BUENO,5.9378954367659205
BUENO,6.42759118433705
BUENO,6.839132966055205
BUENO,6.624608465592914
BUENO,6.288364221202222
MALO,5.497121533734321
BUENO,6.272376026774515
BUENO,6.1963201516815
BUENO,5.400558201685541
BUENO,6.075193019246285
MALO,5.143678744745456
MALO,5.446340438827559
BUENO,6.0862336676035484
MALO,5.903502460078105
BUENO,6.430356412474536
BUENO,5.768054770764083
BUENO,5.94498284494132
BUENO,5.758309006660321
BUENO,5.792787907522742
MALO,4.756803302244073
BUENO,5.920546191828608
MALO,5.240347696268598
BUENO,5.629886764585948
BUENO,5.963510947976557
BUENO,5.848880520304192
BUENO,6.41720030189831
BUENO,5.842833498172099
BUENO,6.09201931344988
MALO,5.765740317174437
BUENO,6.1615331466928716
BUENO,6.675504930001379
BUENO,6.206749843342779
BUENO,6.188186015963145
BUENO,6.4661492094854776
BUENO,6.006318967382293
BUENO,5.988402591427899
BUENO,5.7693063154830195
BUENO,6.635786721042688
BUENO,5.854290053477881
BUENO,5.797979648443752
BUENO,5.858474407679267
MALO,5.7092557081753785
BUENO,6.07458910175054
BUENO,5.521998734752158
BUENO,6.036985048665436
BUENO,5.8387539120768075
MALO,5.145129930211434
BUENO,6.751250372930535
BUENO,6.450208915501614
BUENO,5.88335870889972
BUENO,5.728748474517528
BUENO,6.833957246581566
BUENO,6.556516856010536
BUENO,6.426235754334778
MALO,5.251187874058665
BUENO,5.685747741621363
MALO,4.9898486909915745
BUENO,6.324955089044584
BUENO,5.978239807324924
BUENO,6.320355731437768
BUENO,6.790522280186265
BUENO,6.205848864872987
BUENO,5.500305828747123
BUENO,6.33317989727256
BUENO,7.033929695889826
BUENO,6.258662723362688
MALO,5.744045433834043
BUENO,5.929555850658718
BUENO,6.316301036141194
BUENO,5.800200379715861
BUENO,5.921049578644343
MALO,5.402971937496378
BUENO,6.487946181762753
BUENO,6.472204322516605
BUENO,5.6927778169183005
BUENO,5.985879595877629
BUENO,6.167051683903905
BUENO,6.327160056958585
MALO,5.424355704108368
BUENO,5.997030406999448
BUENO,6.067854946197425
BUENO,6.271392581809904
BUENO,6.522927619206694
BUENO,5.7942371747479555
MALO,5.586069228023673
MALO,5.497121533734321
MALO,5.339862896045382
MALO,5.770659066455044
BUENO,6.215182901203678
BUENO,6.167534900681409
BUENO,6.2919340572031235
MALO,5.706974477385764
BUENO,5.794419115199643
BUENO,6.029811215307827
BUENO,6.232973879588403
BUENO,5.974535038869058
BUENO,6.283832766916337
MALO,5.305734200047622
BUENO,6.013722019665679
MALO,4.631010751446889
BUENO,6.375597574976286
BUENO,5.963510947976557
BUENO,6.494037693962888
MALO,5.3321846499016345
BUENO,5.745745932292198
BUENO,6.733465339462134
BUENO,6.288364221202222
BUENO,6.124162870945899
MALO,5.108075140353453
MALO,5.082438308079457
BUENO,6.064632068617106
BUENO,6.455514256837034
BUENO,6.075818633806275
BUENO,5.7785195546024894
BUENO,6.07771845615693
BUENO,6.526977316905382
BUENO,5.726256688012873
BUENO,6.038969573277919
BUENO,5.610459952116892
MALO,5.145816284855041
BUENO,6.8838040693384475
MALO,5.240347696268598
MALO,5.829706105152418
BUENO,5.750881305703406
BUENO,6.420457637668891
BUENO,6.341970791903691
MALO,5.818734834144893
MALO,5.540954739764164
BUENO,5.778487411898849
MALO,5.599929238314628
BUENO,5.695948951507702
BUENO,6.227515101418961
BUENO,6.7264530953794
BUENO,6.283996754708667
BUENO,6.253781125904416
BUENO,5.75698769579018
BUENO,5.778487411898849
MALO,5.692443308936085
BUENO,6.457088010054768
BUENO,6.224182874501821
BUENO,5.518138281307163
BUENO,6.381522109054716
BUENO,5.945783769981052
BUENO,6.171961307271092
BUENO,6.556683905696659
MALO,5.612162107555374
BUENO,5.5552120043023265
BUENO,6.140709883179855
BUENO,5.908750493453642
BUENO,5.682546903238862
BUENO,5.6106508130222235
BUENO,5.844133142080906
BUENO,6.226685532818752
MALO,5.107048088598134
BUENO,6.401078407809223
BUENO,5.628153099150154
BUENO,6.2466913052139805
BUENO,5.5441691793357535
BUENO,5.891285969464985
BUENO,6.3230887369087725
BUENO,6.442720474835818
MALO,5.367604770545208
BUENO,5.846520971370861
BUENO,5.844012148251974
BUENO,6.250598708766667
BUENO,5.5441691793357535
BUENO,5.407531129575698
MALO,5.099032618054498
BUENO,5.988909182456083
BUENO,6.20192872522209
BUENO,5.997030406999448
MALO,5.4488261229283985
MALO,4.547022949868067
MALO,5.675539341734263
BUENO,6.1283157511413116
BUENO,5.9317784618810485
BUENO,5.7344141396662796
BUENO,5.996813764558758
BUENO,5.9943186033335625
MALO,5.606555432502764
BUENO,6.561655316837564
MALO,5.292754443774523
MALO,5.3036375002634735
MALO,5.352609219831223
BUENO,6.515457914011485
BUENO,5.922720314404845
BUENO,5.895154998560564
MALO,5.209544121926051
BUENO,5.862467746764366
MALO,5.736394899071839
BUENO,6.1205072525575215
BUENO,5.7672369808717034
BUENO,6.379838337064518
BUENO,6.430151733783276
BUENO,5.607264741867763
BUENO,5.60704514509574
BUENO,5.902323023204595
BUENO,5.868296935635064
BUENO,6.358322840674065
BUENO,6.618776376761481
BUENO,5.658279766640666
BUENO,6.513864920484723
BUENO,6.063939614681428
BUENO,6.506125108467831
MALO,5.8890112210944405
MALO,5.656730832243682
BUENO,6.360750932442393
BUENO,5.8295685472368834
MALO,5.705953696380256
MALO,5.644621029416645
BUENO,6.269743932996745
BUENO,6.019784625706997
BUENO,5.907093586808577
BUENO,5.722153230905313
BUENO,5.3199312607661815
MALO,5.48060342140542
BUENO,5.538569894057586
BUENO,6.376082623274392
MALO,4.739005706564021
BUENO,5.690885789989919
BUENO,6.296945493390561
MALO,5.681385124152948
MALO,6.171416029912638
BUENO,6.020725911669369
BUENO,6.334769054244932
BUENO,5.925974682584162
MALO,5.3917970222799525
BUENO,5.69450951488013
BUENO,6.300643512255499
MALO,5.345615913459463
MALO,5.37076058554978
BUENO,6.955027203828781
MALO,5.566412051286999
MALO,5.457538376016699
MALO,5.566381003831932
BUENO,5.833391309343559
MALO,5.595060155412931
BUENO,6.374808707454919
BUENO,6.529079419287218
BUENO,6.4891615671654534
MALO,5.254213020193104
BUENO,6.251109728133885
BUENO,6.330027485339357
MALO,5.544098925303047
BUENO,5.972336310696566
BUENO,5.772235644150555
MALO,5.122658083086002
BUENO,5.771984679373755
BUENO,5.641530321148895
MALO,5.215808384479594
BUENO,5.9074303903989644
MALO,5.332490236091299
BUENO,6.537578461234112
MALO,5.495942929890999
BUENO,5.6680791235810535
BUENO,6.267203465363544
BUENO,5.695621627716693
BUENO,5.477956388990364
BUENO,5.849121414194047
BUENO,6.1376149178437664
MALO,5.702747542731282
BUENO,6.655609134255386
BUENO,5.780467751526112
BUENO,5.856523508406612
BUENO,6.113451170847416
BUENO,5.990470351763163
MALO,5.884206803968895
BUENO,6.450208915501614
BUENO,6.103911193602428
MALO,5.314045620641769
BUENO,6.828020727210701
BUENO,5.996593334987191
BUENO,5.995592473256423
BUENO,5.9351019091222845
BUENO,6.579039697751767
MALO,5.272216798379276
MALO,5.833304725038119
BUENO,5.781066727962025
MALO,5.442525424149845
BUENO,6.513837640020215
BUENO,6.145968381037026
BUENO,6.230035249654522
BUENO,6.120586107863804
BUENO,6.094863015647201
MALO,5.36224950634577
MALO,5.630734429847902
BUENO,6.038364797726336
BUENO,6.483038636559257
BUENO,5.950088640311135
BUENO,5.72255148523722
BUENO,6.231639841628098
BUENO,5.903140168831943
BUENO,5.629943003264589
BUENO,6.202945477700393
BUENO,6.4003979925409755
BUENO,5.61797656308983
BUENO,5.6205531276947625
BUENO,5.834586396532604
MALO,5.855543545754322
BUENO,5.6554119683097985
BUENO,5.69450951488013
BUENO,5.858527785027656
MALO,5.287334699254867
BUENO,6.445953636106104
BUENO,5.679048491319302
MALO,5.342363133069071
BUENO,6.131245486910824
MALO,5.143678744745456
BUENO,5.707429303199855
BUENO,6.090864509888906
BUENO,5.907093586808577
MALO,4.996961039825958
BUENO,5.715653585156941
BUENO,5.671603291038215
BUENO,5.963248586131199
BUENO,5.122094561666209
BUENO,5.543791651439507
BUENO,5.590779554220264
BUENO,6.332218388139882
BUENO,6.4934708784391475
BUENO,5.840444680753041
MALO,4.9898486909915745
MALO,5.32925429380253
MALO,5.898173897049832
MALO,5.4568240912876895
BUENO,6.2385179201491745
MALO,5.4775802308448895
MALO,5.2543034644795075
BUENO,6.395083535109995
MALO,5.545584058102808
BUENO,5.98405851810822
BUENO,6.266543154287964
BUENO,5.915318358619086
MALO,5.18021639979963
BUENO,6.070154838976542
BUENO,6.388707558382926
MALO,5.552513049177169
MALO,5.660556603848907
BUENO,6.460685779416009
BUENO,6.0023634018168055
BUENO,6.583608366006775
BUENO,6.48483620539692
BUENO,5.717569310927974
BUENO,5.771108393501041
MALO,5.1757544960292705
MALO,5.601735498424832
BUENO,6.20545584266328
BUENO,5.955209004734131
MALO,5.449168001851308
BUENO,6.229476142484
BUENO,6.504769544118213
MALO,5.628362675913348
MALO,5.682389775033574
BUENO,6.267010533185044
MALO,5.3665753852719495
MALO,5.314025917975684
MALO,5.404557256065996
BUENO,5.722548995516405
BUENO,6.224182874501821
BUENO,5.917892955317365
BUENO,6.625466983315652
BUENO,5.918244258197591
BUENO,6.586253090716376
BUENO,6.184906072218725
BUENO,6.37832350293033
BUENO,5.6732345479118145
MALO,5.822535622407271
BUENO,6.024103922687813
BUENO,5.505689502500818
BUENO,5.686928710818263
MALO,5.276971221656858
BUENO,5.723308079083877
BUENO,6.142872054741962
MALO,5.3620203416800205
MALO,5.842321994593516
BUENO,5.5197313268865855
BUENO,6.177035593815136
BUENO,6.424040329228962
BUENO,6.071432710660162
BUENO,6.536966136015847
BUENO,5.752760245850398
MALO,5.262158074435824
MALO,5.7361347364307615
BUENO,6.153913991273215
BUENO,6.020775207108121
BUENO,6.407397551209151
BUENO,5.694402041043901
BUENO,5.93241941283909
BUENO,6.79844420586174
BUENO,5.538569894057586
BUENO,6.076585101471879
MALO,5.3910435154048635
BUENO,5.728640648304691
BUENO,6.500035281344159
BUENO,6.409859293093756
BUENO,5.75698769579018
BUENO,5.936701899980891
BUENO,6.253389511403624
MALO,5.857700604629114
BUENO,5.863205773458672
BUENO,6.210432849359149
MALO,5.491668908542049
MALO,5.465019602567855
BUENO,5.650492824985857
BUENO,6.414299986548892
BUENO,6.187258700547373
BUENO,5.961117045818025
BUENO,6.043656778396851
MALO,4.8947811829226
BUENO,5.764969007243939
MALO,5.576713953557071
BUENO,6.139237898259752
MALO,5.748039310613226
BUENO,6.3381813774896045
BUENO,6.385775486046052
BUENO,6.769034603984997
BUENO,5.771108393501041
BUENO,5.563261105320912
MALO,5.5867952787019055
BUENO,5.47132905082864
BUENO,5.702868335753992
MALO,5.5895641321115725
BUENO,5.834326921096498
BUENO,5.718273022133886
BUENO,6.300643512255499
BUENO,6.100450499742198
BUENO,5.892015593817298
BUENO,5.84765675087914
BUENO,5.412391858749819
MALO,4.887858685294288
BUENO,6.497387586466909
BUENO,7.010107582669921
BUENO,6.228361802356648
BUENO,6.209406907404642
BUENO,5.557900237962311
MALO,5.338611845173187
MALO,5.77601444069536
MALO,5.679455864801991
BUENO,5.777706368655291
MALO,5.565134919622317
MALO,5.556403910749788
BUENO,6.374006619653759
BUENO,6.8215470701882115
BUENO,5.658013657284146
MALO,5.572195461844796
BUENO,6.759299499528389
MALO,5.272370617547265
BUENO,6.740644559496163
MALO,5.196651118975575
BUENO,6.06919421477547
BUENO,6.131925322812807
MALO,5.506482308800668
MALO,5.01248594453415
BUENO,5.422100141605728
BUENO,6.438327392479822
MALO,5.572764503014049
MALO,5.1881082283609015
MALO,5.931585546526319
MALO,5.3785147623642064
MALO,5.559799263972644
BUENO,5.985995014042924
BUENO,6.434268837245515
BUENO,5.966423477671539
BUENO,6.454955994819633
BUENO,6.4756256606190075
MALO,4.822861818652054
BUENO,6.414530558747833
BUENO,6.030998304408962
BUENO,5.846193635654018
BUENO,6.82501134055002
BUENO,6.3009821009983025
BUENO,5.806161808557638
MALO,5.506482308800668
BUENO,5.742703466808733
BUENO,5.907355708184042
BUENO,6.022012789645753
BUENO,5.970328729619498
MALO,5.3062863299640615
MALO,5.8117445995971515
BUENO,5.879824717050511
BUENO,5.676951333958927
BUENO,6.322267392727301
BUENO,5.9453940804067
BUENO,5.586975776190717
BUENO,5.704928019337874
BUENO,5.804632403143357
BUENO,6.718633674218459
BUENO,6.23982258038788
MALO,5.363074628378124
BUENO,5.557160308430178
BUENO,6.096897889298418
BUENO,6.433619874507592
BUENO,5.82421625202427
BUENO,6.073497776444544
BUENO,5.697070804922625
MALO,5.658217534236059
MALO,5.581321100179363
BUENO,5.77211149316358
BUENO,5.998485718456786
BUENO,5.647367403624958
MALO,5.545584058102808
BUENO,5.967017152621041
MALO,5.695566490539026
MALO,5.060934706581691
BUENO,5.690336629877704
BUENO,5.863180249173155
BUENO,5.609212616932276
BUENO,6.219805792899946
MALO,5.718978197194589
BUENO,6.234344225601156
BUENO,6.116363216904664
BUENO,5.8493760795391285
BUENO,5.706070965395222
BUENO,5.578455055157635
BUENO,6.039909527195489
MALO,5.405090794886354
BUENO,6.5325757259404345
BUENO,6.052240668499808
BUENO,6.101593050286301
BUENO,5.827918367336521
BUENO,6.69377503249431
BUENO,6.223759269112078
BUENO,6.232003751340713
BUENO,5.59494811608476
MALO,5.565270362682391
BUENO,6.464379749202907
BUENO,6.424130485765591
BUENO,5.768054770764083
BUENO,5.466144004431044
BUENO,6.124136984165688
BUENO,5.698179793505153
MALO,5.522078992938871
BUENO,6.266649225530765
BUENO,5.82684054052644
BUENO,5.78457924473282
BUENO,6.191982731995054
BUENO,6.283140872573728
BUENO,6.4661492094854776
BUENO,6.5645119695318375
BUENO,5.57432727262538
BUENO,6.298454136911788
MALO,5.603522027222217
BUENO,6.090393863809
BUENO,5.797629937978929
BUENO,6.47570276857533
BUENO,5.837450398746124
BUENO,5.895147151194064
BUENO,6.196329705818931
BUENO,5.687834452712778
BUENO,6.4835429619563065
BUENO,6.514952461167493
BUENO,6.00107441777905
BUENO,6.68830091531734
BUENO,6.319914133368634
BUENO,5.944043527631049
BUENO,6.196293440290362
BUENO,6.350880198652996
MALO,5.316320058142289
MALO,5.699243340238763
MALO,5.081379937283753
BUENO,6.405213982726739
MALO,5.068503349723532
BUENO,5.645514342136908
BUENO,6.5426654119356655
BUENO,6.158708899619709
BUENO,5.788618046935902
MALO,5.3620203416800205
BUENO,5.225359200975002
BUENO,6.496098257575726
BUENO,5.759563207500019
MALO,5.886594027504879
BUENO,6.271463994718449
BUENO,6.409503926135537
BUENO,5.984872697383173
MALO,5.096915901534395
MALO,5.935887657512622
BUENO,5.878944645259514
BUENO,5.793642737327856
BUENO,6.150776388776618
MALO,5.365528600882696
BUENO,6.530771958494119
BUENO,6.075206890305187
MALO,5.365164614935892
BUENO,6.483038636559257
BUENO,6.559074849190559
MALO,5.802427091836883
MALO,5.465714691612362
BUENO,6.286169744572568
MALO,5.048109431479986
MALO,5.467145196802458
BUENO,5.838536396249433
BUENO,5.740143819663295
BUENO,5.941887724282772
MALO,5.293469606940304
MALO,5.019922769370014
BUENO,6.281493475764073
BUENO,5.757317924514194
MALO,5.087228964241872
MALO,5.430086359774872
BUENO,6.598809468085236
BUENO,5.638129887868663
MALO,5.124306938500755
MALO,6.345598356538208
MALO,5.5435594093739216
BUENO,6.307209401317987
BUENO,6.173654875889305
BUENO,5.9642948831768425
MALO,5.7572733582850155
BUENO,6.478506995056771
BUENO,6.50895746795635
BUENO,6.145739059179935
MALO,5.407909604946284
BUENO,5.592634110656595
BUENO,5.899190346279138
BUENO,5.84986051464431
BUENO,6.182011065869744
BUENO,6.146781090897503
BUENO,6.587891704639981
BUENO,5.750488173886504
BUENO,5.996593334987191
MALO,5.416753856572516
BUENO,6.014912006668314
MALO,5.115881365545275
BUENO,6.370335419355957
BUENO,6.601724216674274
MALO,4.73456687092807
BUENO,5.480862930402534
MALO,5.7113354980037
BUENO,5.752989419498223
BUENO,6.232450321649372
BUENO,6.845628654870449
MALO,5.633364351945983
BUENO,5.8283885770028565
BUENO,5.983219096723788
BUENO,5.796553662948579
BUENO,6.164710693128287
MALO,5.253603871358598
BUENO,6.168982122931302
BUENO,6.153296771892206
BUENO,6.4243948475636365
BUENO,6.735132386762791
MALO,5.668358596544359
BUENO,5.745641210451502
BUENO,6.232003751340713
BUENO,5.557160308430178
BUENO,5.5145634978367895
BUENO,6.3830949631219305
MALO,5.558480166093823
BUENO,6.198471289382567
BUENO,6.051481835256333
BUENO,6.500748673298542
BUENO,6.452682868135282
BUENO,6.5828413177426555
MALO,5.712945120473217
BUENO,6.113586392131906
BUENO,6.054116893711978
MALO,6.057300939986398
MALO,5.392074465621556
BUENO,5.937480776409707
BUENO,5.855783252494714
BUENO,6.076028060637466
BUENO,6.528763487609563
BUENO,6.320229277378253
BUENO,6.9153499056927235
MALO,5.405637858354976
BUENO,6.697272504537159
MALO,5.419271644843162
BUENO,6.761035038664875
BUENO,6.384132994083297
MALO,5.2298823766039035
MALO,5.519358570189943
MALO,5.5778286628429194
BUENO,5.5790228936042965
MALO,5.546748669690318
MALO,5.282707529183751
BUENO,5.985220839920734
BUENO,6.045697417853907
BUENO,5.472754362105759
MALO,5.744672407881927
MALO,5.2517050233878395
MALO,5.414749300729394
BUENO,6.214168685875801
BUENO,5.938369513587526
BUENO,6.342681633278822
BUENO,5.642383595715545
MALO,5.546262312461728
BUENO,5.629886764585948
BUENO,6.677365588600065
BUENO,6.283691686859319
BUENO,5.789821711583523
BUENO,5.848527656644075
MALO,5.546262312461728
BUENO,5.797150011127398
BUENO,6.3136534398315085
MALO,5.12901011867679
MALO,5.3421501327367995
BUENO,6.903831875848043
BUENO,5.844133142080906
BUENO,5.448356137874172
MALO,5.734014473541013
BUENO,5.787975989464396
BUENO,5.793451437349448
MALO,5.755863701771979
BUENO,5.795416535266076
BUENO,6.815036572757123
BUENO,5.778828657480055
MALO,5.187575481906959
BUENO,6.738880232528425
BUENO,6.516981220780071
MALO,5.145822939810019
BUENO,5.958202540350953
BUENO,5.60928378624963
BUENO,5.9509453127775025
BUENO,7.212509834261823
BUENO,6.650321538595884
MALO,5.387787694436282
BUENO,6.3491278834320095
MALO,5.613620940100773
BUENO,6.0832158888620045
BUENO,5.76780632768379
BUENO,6.075092130838865
BUENO,6.284663347749515
BUENO,6.086380732418782
MALO,5.335848039759953
BUENO,5.815244770460087
MALO,5.613620940100773
BUENO,6.049601860601831
BUENO,5.652824997652714
BUENO,6.145827124195034
BUENO,5.82421625202427
BUENO,6.073497776444544
BUENO,6.314074435628346
BUENO,5.609768654301057
MALO,5.268330826077614
BUENO,6.8273214182559165
BUENO,5.527212246426974
MALO,4.815828047680231
BUENO,6.202125063531545
BUENO,5.97970277861862
MALO,4.843371676856394
BUENO,6.734145179544985
MALO,5.854882203929938
BUENO,6.647382959103954
MALO,5.549877694788618
BUENO,5.858112905425401
BUENO,5.2692269743034945
BUENO,5.62229704795143
BUENO,6.325691493907236
MALO,5.410779686136928
MALO,5.393724696155864
BUENO,6.336890145628166
BUENO,6.37642686574833
BUENO,6.075164700244702
MALO,4.904337760486012
BUENO,6.0868755725433985
BUENO,6.473611151891507
MALO,5.007072094733861
BUENO,6.4176131181293545
BUENO,6.069749374823136
BUENO,5.988804263391158
MALO,5.2643065443671055
MALO,5.4401575619376
BUENO,6.537978934081117
MALO,5.46796659733497
BUENO,5.833407834842504
BUENO,6.104214526006363
MALO,5.699243340238763
MALO,5.361467445563823
BUENO,6.394213462805476
BUENO,5.775705017462499
BUENO,6.426525899005318
BUENO,6.46191298799733
BUENO,6.319233944838155
MALO,5.572764503014049
BUENO,5.3781382041819965
BUENO,6.04142881693434
MALO,4.870967917753912
BUENO,6.14241687925591
BUENO,6.077442419655565
BUENO,5.648954426797222
BUENO,5.869558538417387
BUENO,5.777920954822633
BUENO,5.921793190956016
BUENO,6.360750932442393
BUENO,6.557789692303476
MALO,5.576061397895818
BUENO,5.364648423420432
BUENO,6.06327811767888
BUENO,6.590149102263496
MALO,5.391032973734513
BUENO,5.546955822404611
BUENO,6.254935198747776
BUENO,6.360750932442393
BUENO,6.386936585851512
MALO,5.176585449820319
BUENO,6.216550547928401
MALO,5.357370535932441
BUENO,5.976952372891283
BUENO,5.805330483594441
BUENO,6.103517370762578
BUENO,6.289227652517846
BUENO,5.7865409833100365
BUENO,5.916421906164629
BUENO,6.089032392084141
BUENO,5.91452998369465
BUENO,6.32947488439283
BUENO,5.741427048728175
BUENO,6.295162123630481
MALO,5.209927136612794
MALO,5.3004691593127
BUENO,6.385714064031195
BUENO,5.79950643249447
BUENO,5.906682117091291
BUENO,6.2252283697253485
BUENO,5.492650880808913
BUENO,5.916528587269994
BUENO,5.758796795475719
MALO,5.693248946498381
BUENO,6.227365992812766
MALO,5.310548185550829
BUENO,6.00672108404035
BUENO,5.59041121278457
MALO,5.104219501171782
BUENO,6.013169696679206
BUENO,5.818414429337758
BUENO,5.904080779082958
BUENO,6.2257070953786915
BUENO,5.619280822050591
BUENO,6.698955664927986
MALO,5.507295452868229
BUENO,6.623736421067729
BUENO,6.406289899213915
BUENO,6.019494934082309
BUENO,6.589331025550814
MALO,5.501744784334356
MALO,5.620277710834083
BUENO,5.4222926250954195
BUENO,5.8750493506646055
MALO,5.7869559902528716
BUENO,6.095743330399257
MALO,5.305191580630391
BUENO,6.446450366575121
BUENO,5.6928137317075915
BUENO,6.566518837065061
BUENO,6.51264810669881
MALO,5.7572733582850155
BUENO,6.038256115746208
BUENO,6.202754405995677
MALO,5.280905281602501
BUENO,5.61797656308983
BUENO,5.928428652768032
BUENO,5.878097354840753
MALO,5.712528489084672
MALO,5.305191580630391
BUENO,5.720227515834865
MALO,5.23834215937465
BUENO,6.020546222913988
MALO,5.529794136035292
BUENO,6.42759118433705
BUENO,6.401078407809223
BUENO,5.698386844737861
BUENO,6.369209007758544
MALO,5.040463308685375
BUENO,5.912317852360343
BUENO,6.828895671636381
BUENO,5.758312055369367
BUENO,6.261484865519472
MALO,5.452099506986722
MALO,5.5741718987598485
BUENO,6.750052521596865
BUENO,5.710460264096691
BUENO,6.08014070290009
MALO,5.765740317174437
BUENO,5.556576585490188
BUENO,5.67032461655606
BUENO,5.913992197484436
BUENO,6.14990802526558
BUENO,6.394536372098729
BUENO,5.886423236710206
MALO,5.220254976392022
MALO,5.764476514867029
BUENO,5.74922734078611
BUENO,6.150776388776618
BUENO,6.027547822046145
MALO,5.394748771182467
BUENO,6.161182259721222
BUENO,5.588239288927449
BUENO,5.873288141750747
MALO,5.8014310474024064
BUENO,6.061555846865703
BUENO,6.035797852820062
MALO,5.744830230651962
BUENO,5.849656967352153
BUENO,6.155763638380645
BUENO,5.870264258297926
BUENO,6.051047431740791
MALO,5.705953696380256
BUENO,6.084053357690641
BUENO,6.138590867633276
BUENO,5.9535878704218606
BUENO,6.614174024703344
MALO,6.024339069368391
BUENO,5.945437547076898
BUENO,5.74225139059488
BUENO,5.819854620503211
BUENO,5.859367008310165
MALO,5.279593013684174
BUENO,6.201700592050068
BUENO,6.040535814794456
MALO,5.441550467596112
BUENO,5.638298893090267
BUENO,6.4776548849695
MALO,5.161788370235303
BUENO,6.144657675948409
BUENO,6.011881857119818
BUENO,5.687237585280003
MALO,4.836768461982224
MALO,4.783322445605503
MALO,5.3008137923986105
BUENO,5.809286990503104
MALO,5.2643065443671055
MALO,5.485221870724303
BUENO,5.9961712897508
BUENO,6.40559262251938
BUENO,6.04673174175466
BUENO,5.4811776159651835
BUENO,5.956482424252689
MALO,5.7155755854990264
BUENO,6.501806287938971
MALO,5.720552512872841
BUENO,6.494015631711381
BUENO,6.01252176525443
BUENO,6.39296923794471
BUENO,5.831699785003092
BUENO,6.255618442495958
BUENO,5.816782491855646
BUENO,5.652027416453185
BUENO,5.381763755853122
BUENO,6.445986590506733
BUENO,5.600595416553896
BUENO,5.58379937522154
MALO,5.465714691612362
BUENO,6.027902411187339
MALO,5.5513417359409765
BUENO,6.549521414821083
BUENO,5.650187818581685
BUENO,5.822259222175136
BUENO,6.431809182312538
MALO,5.886108258016405
BUENO,5.939934299914466
BUENO,6.633275319491187
BUENO,6.515436858067847
MALO,5.529500819576444
MALO,5.323549241492135
BUENO,5.990470351763163
MALO,6.180750123158243
BUENO,6.171994630809008
BUENO,6.15795660645129
BUENO,5.871523770467398
BUENO,6.196709508162808
MALO,4.622757957151281
BUENO,6.133115879286208
BUENO,6.10549625336489
MALO,5.600039089532883
MALO,5.299647882802625
BUENO,5.944982139788556
BUENO,6.314288315766399
MALO,5.6307460688480635
BUENO,5.4709272618348965
BUENO,6.935200769081215
BUENO,6.293541923763939
MALO,5.349585407221454
BUENO,6.0896965868742905
BUENO,5.704929021829836
BUENO,6.589224790369757
MALO,5.262362362462847
MALO,5.460116457775623
BUENO,5.935297532197806
MALO,4.810727791214419
BUENO,6.466156248829048
BUENO,6.509968153301225
BUENO,5.967686529716831
BUENO,5.866273393602108
BUENO,5.832121647349344
BUENO,6.779269040786884
BUENO,6.306297667382037
BUENO,5.882129588694964
BUENO,5.753952519057914
MALO,5.4468067093121615
BUENO,5.705187899451083
MALO,5.647210942144892
BUENO,6.4472324121888285
BUENO,5.642918761935998
MALO,5.5664047303794
BUENO,6.186805966949423
BUENO,5.578455055157635
BUENO,5.516622876154901
BUENO,6.029713112626778
MALO,5.103910907091791
BUENO,6.712528113755015
MALO,5.115805526081839
BUENO,6.307815805161157
BUENO,5.713013552169343
BUENO,6.588568817856544
BUENO,6.245150274915073
BUENO,5.98692688757057
MALO,5.527648031309914
BUENO,5.648951916370568
BUENO,5.854337736066315
BUENO,5.638129887868663
BUENO,6.039681939054292
BUENO,5.914504473682927
BUENO,6.331587289313166
BUENO,6.173313138744478
BUENO,6.381890174522876
MALO,5.182877503443738
MALO,4.5335375964014375
BUENO,6.745852078340928
BUENO,5.658666406856982
MALO,5.392970588882875
BUENO,5.8935560476417885
MALO,5.708797216772435
BUENO,6.2097259231786195
BUENO,6.325944797437318
BUENO,6.9153499056927235
BUENO,6.451605075160437
BUENO,5.626850237418637
BUENO,5.965196920305306
BUENO,6.291356099276362
BUENO,6.099535109591734
BUENO,5.770515143675677
BUENO,5.916421906164629
BUENO,6.350620949933333
BUENO,5.53424576231204
BUENO,6.482617291581878
MALO,4.655429884929781
BUENO,6.4848985209674215
MALO,5.536077553413314
MALO,5.3917970222799525
BUENO,5.739859647589265
BUENO,6.181387729724445
BUENO,5.84986051464431
MALO,5.025529844676571
BUENO,6.402016835557941
BUENO,6.153263153894242
BUENO,7.0795067638693645
BUENO,6.008690910226504
BUENO,5.808001696884415
BUENO,6.5389151811743425
MALO,5.468177571285908
BUENO,6.292814193450036
BUENO,6.329225915366871
BUENO,5.81335608019143
BUENO,5.463316748503443
MALO,5.149556862486769
BUENO,6.094906290788194
BUENO,6.759299499528389
BUENO,5.540835011143471
MALO,5.460116457775623
BUENO,5.792438693669407
MALO,5.529465968202608
MALO,5.3854849137172405
BUENO,6.071886957829218
BUENO,6.047029466261703
MALO,4.92574378251002
BUENO,5.856768670465673
BUENO,5.608681244803348
BUENO,6.497974738572827
BUENO,6.754236891851955
MALO,5.21445971542108
BUENO,6.381890174522876
BUENO,5.64230825059477
BUENO,6.3386991504171775
BUENO,6.344106934155334
BUENO,5.489663745328639
BUENO,6.551319267490891
BUENO,6.119800363282463
MALO,5.607999949974143
BUENO,6.327194539713123
BUENO,6.452161952774981
BUENO,6.405213982726739
BUENO,6.371614274596663
BUENO,5.319824911692779
MALO,5.667537590534469
BUENO,5.675441958425608
BUENO,6.122555201431975
BUENO,6.288591096865938
BUENO,6.052363423245243
BUENO,6.331384921369072
BUENO,5.710991771314054
BUENO,5.838565215101526
BUENO,6.0655520139916455
BUENO,5.953892991614714
BUENO,6.570362521320435
BUENO,6.432587657558569
MALO,5.765740317174437
BUENO,6.0534664691983195
BUENO,6.370336660334008
BUENO,6.200657819418955
BUENO,5.8404061727491445
BUENO,5.82618008576903
BUENO,5.989618162560946
BUENO,5.846877250932204
BUENO,6.504071337249359
BUENO,5.557160308430178
BUENO,5.898134743367056
BUENO,5.68844108123071
MALO,5.562267868461419
BUENO,5.842347346574874
MALO,5.556240420721075
BUENO,6.037051931281233
MALO,5.307905043319959
MALO,5.544098925303047
MALO,5.542699515860245
BUENO,5.87612139981648
BUENO,6.016016575199121
BUENO,6.161805861402836
MALO,5.954302106014547
BUENO,5.646717246677611
MALO,5.500274825221413
BUENO,6.635732619065825
MALO,5.611033101705047
BUENO,6.519579997893834
MALO,5.106323214099337
BUENO,5.760284151870136
BUENO,5.639237854928983
MALO,5.141221848467826
BUENO,5.629670860715002
BUENO,6.736180565966977
BUENO,6.191295628905987
BUENO,6.512903666620774
BUENO,5.79425063165969
BUENO,5.554998106674135
BUENO,6.187740524855214
BUENO,5.800195325062186
BUENO,6.0345653279045415
MALO,5.330045620479083
BUENO,5.493355570506767
MALO,5.63037879747175
BUENO,5.969464865211762
BUENO,5.3712184790514
BUENO,5.902719825892628
BUENO,5.82800209486755
BUENO,5.724024344734945
MALO,5.768120239712058
MALO,5.540954739764164
BUENO,6.354580211945175
MALO,5.50329124764556
MALO,5.361467445563823
BUENO,5.569361182328278
BUENO,6.226146995035599
BUENO,5.57432727262538
BUENO,6.0238956130142185
MALO,5.33224480273247
BUENO,6.288591096865938
BUENO,5.896492212309278
MALO,5.359222743854982
BUENO,5.776316617810073
BUENO,6.216330532962371
MALO,4.65983094350463
MALO,4.756803302244073
MALO,5.032963760052196
MALO,5.635800684621019
MALO,5.239015242513968
BUENO,6.741542339252964
BUENO,5.814676535005251
BUENO,5.768882313814943
BUENO,6.416447231987879
BUENO,6.534219069853815
BUENO,5.932804543494088
MALO,4.998552773487159
BUENO,6.0251942689992335
BUENO,5.754689748869964
BUENO,6.239860946988669
BUENO,6.584646826204267
MALO,5.779360089763243
BUENO,6.188310695683912
BUENO,5.976697001364233
MALO,5.548472317239357
BUENO,6.8273214182559165
BUENO,6.059037727449521
BUENO,6.676295107202671
BUENO,6.173384676253946
MALO,5.786679711124927
MALO,5.302192755075367
BUENO,6.569806974606392
BUENO,5.494478153476008
BUENO,6.723539538736247
BUENO,5.752876319990696
BUENO,7.069103534795669
BUENO,6.372121090577075
MALO,5.714440773115987
BUENO,6.7053599894954985
MALO,5.4359777504978295
MALO,5.603650113621544
BUENO,6.253850549452155
BUENO,6.380138528218287
BUENO,5.852075010928467
MALO,5.36670162867139
BUENO,5.444513531356412
BUENO,7.103003630482457
BUENO,6.694033267084215
BUENO,6.310050049088158
BUENO,6.562223378845953
BUENO,6.72093263038947
BUENO,6.362160679012526
BUENO,5.701429458776152
BUENO,6.226940686891542
MALO,5.640793725321005
MALO,4.577714089096915
MALO,5.28792562302691
BUENO,6.315186376179044
BUENO,6.005965318114729
BUENO,5.629338147137341
MALO,5.079313848023983
BUENO,5.883066276563602
BUENO,5.702431552358787
BUENO,5.5441691793357535
BUENO,5.9236538663688645
BUENO,6.1447977255639685
BUENO,5.76129049098744
BUENO,6.095119006692075
BUENO,5.920942368778829
BUENO,5.548797742879753
BUENO,5.650148354461397
BUENO,6.242682393433016
BUENO,5.846132636482265
MALO,5.353580312809392
BUENO,6.006102218961967
MALO,5.565134919622317
MALO,5.433656891622958
BUENO,6.086833365710399
BUENO,5.651510768744778
BUENO,6.124292057600854
BUENO,5.8704813747691595
BUENO,6.446492652523347
MALO,4.523734053481515
BUENO,6.639580456231309
MALO,5.567344393397293
MALO,5.632681302976112
MALO,5.2017545214941165
MALO,5.514101760611396
MALO,5.600613169805955
BUENO,5.861446048863966
BUENO,6.513837640020215
BUENO,5.97431517127597
BUENO,6.796547308867519
BUENO,6.2122042202483705
BUENO,5.527152754590567
BUENO,4.880829232094367
MALO,5.121051768112014
BUENO,5.76977377392671
BUENO,5.672601590733985
BUENO,5.867541127520809
BUENO,5.761902035997714
BUENO,6.323695568044695
BUENO,5.940856774272589
BUENO,6.3967951979681335
BUENO,6.873432478409526
MALO,5.132033975922231
BUENO,5.870734739834365
BUENO,5.61797656308983
BUENO,5.77237398505075
BUENO,5.975976575588792
BUENO,6.372147263842944
BUENO,5.981004294352498
BUENO,5.874030460775208
BUENO,6.271685301173434
MALO,4.873487520591864
BUENO,6.068801286260474
BUENO,6.369209007758544
MALO,5.982131657561801
BUENO,6.138590867633276
MALO,5.5867952787019055
MALO,5.4694689816860524
MALO,4.748330453886996
MALO,5.368082420234637
BUENO,6.161118983778161
MALO,5.69124318627527
BUENO,6.478540322223186
MALO,5.132494394813206
BUENO,6.037712539771777
BUENO,5.733790071973631
MALO,5.577337200880795
MALO,5.53930023006119
MALO,5.6154171320234845
MALO,5.09177711623358
BUENO,5.845024054536291
BUENO,6.289984318449875
BUENO,6.047029466261703
BUENO,6.146781090897503
BUENO,5.644328402634043
BUENO,5.968835282651456
BUENO,5.71715909507572
BUENO,5.542873696214066
BUENO,6.66018794805076
MALO,5.5778286628429194
BUENO,6.4124393575117615
BUENO,6.091694268615029
MALO,5.2041416099527495
BUENO,5.75368314738664
BUENO,5.710362480913094
MALO,5.849963552644116
BUENO,6.259738657053829
BUENO,5.642797549749508
BUENO,6.423513416611753
BUENO,6.180149486764803
MALO,4.7738192399880415
BUENO,6.435606337093525
BUENO,5.57432727262538
BUENO,5.661236567913397
BUENO,6.685504702078626
BUENO,6.014912006668314
MALO,5.485048360896829
MALO,4.529057112411413
BUENO,5.9858850301847575
BUENO,6.456309661703777
BUENO,6.293596456196701
BUENO,6.012546590723426
BUENO,6.700413011489909
BUENO,6.0170133181829915
MALO,5.534354941336627
MALO,5.375390178452895
BUENO,5.839809459550681
BUENO,6.385154019102346
BUENO,6.185437962605656
MALO,4.854848376429013
BUENO,6.238809826537853
MALO,5.384378181032885
MALO,5.702747542731282
BUENO,6.315186376179044
BUENO,6.679543478293681
MALO,5.173502273181265
BUENO,5.8175660894369345
BUENO,6.294317892252495
BUENO,5.704589567891695
MALO,5.636519542842732
BUENO,6.491458929041977
BUENO,6.237160232877942
BUENO,6.010908407224655
BUENO,6.2921385520962865
MALO,5.606943198840554
BUENO,6.04223650578361
BUENO,6.5452424077874625
BUENO,6.092960341029228
BUENO,6.118339310045011
BUENO,6.5551191256030865
BUENO,5.759380160652585
MALO,5.647342560861338
MALO,5.3328189103812225
BUENO,5.8180883708129905
MALO,5.560850357431222
BUENO,5.797629937978929
BUENO,6.154598211663987
MALO,5.8438706346754685
BUENO,6.504590549357399
MALO,5.528585317483184
BUENO,5.599018012306972
BUENO,5.550690136923301
MALO,5.062682976581119
BUENO,6.826986450620838
MALO,5.406997860115531
BUENO,5.9419751327000245
BUENO,6.455754580939459
BUENO,6.114984295015168
MALO,5.349873179567776
BUENO,5.8406524995599405
BUENO,5.869949462079264
BUENO,6.36030143487711
BUENO,6.433706085123191
MALO,5.825961622173704
BUENO,5.923070108412359
BUENO,5.609212616932276
BUENO,5.417200908758608
BUENO,5.754679306642323
MALO,5.6575645243847585
BUENO,5.777920954822633
BUENO,6.434351360519406
BUENO,5.827300564540673
MALO,5.278701256342679
MALO,4.970013818680245
MALO,4.748208682660682
BUENO,5.599914168950104
BUENO,6.408586903078504
BUENO,6.169479456558896
MALO,5.347307219693368
MALO,5.542349899132708
BUENO,6.374582733921061
BUENO,5.832007208059107
BUENO,6.202945477700393
BUENO,5.834688100868146
BUENO,6.096767149209898
BUENO,5.939992153546189
BUENO,5.6927778169183005
MALO,5.494729906982073
BUENO,6.622979461126452
BUENO,6.7071453559119
BUENO,6.533237606608061
BUENO,6.099994658703856
BUENO,6.3173170529412985
BUENO,6.51264810669881
BUENO,5.825702182866083
MALO,5.938269609532684
BUENO,5.772942281756025
BUENO,6.584432817163917
MALO,4.148350975833121
BUENO,6.068073434790582
BUENO,6.416447231987879
BUENO,6.289775259542685
BUENO,6.295892879115073
BUENO,5.880054876963767
MALO,5.221407978626237
BUENO,5.799780454812803
BUENO,7.078965349882335
BUENO,5.548943560342022
MALO,5.191419426901811
MALO,5.833362542071892
BUENO,6.019784625706997
MALO,5.692329903940561
BUENO,6.21323421850383
BUENO,6.29635966730919
BUENO,5.643673890628248
MALO,5.5801373737007385
BUENO,5.578455055157635
BUENO,6.420650576430658
BUENO,6.160078431661415
BUENO,5.116974095139685
BUENO,6.403470332801422
BUENO,6.590149102263496
BUENO,5.4542065031076294
MALO,5.356147568825543
BUENO,6.832991746160987
BUENO,5.778828657480055
MALO,5.757704000206091
BUENO,5.652027416453185
BUENO,6.052626464984189
BUENO,6.130450817775419
BUENO,6.559074849190559
BUENO,6.245654297667658
BUENO,5.489955057254317
BUENO,5.759995518733085
MALO,5.397650942135156
BUENO,5.793251887239123
BUENO,5.820117837314138
BUENO,6.043475625021797
BUENO,6.180120811873882
BUENO,6.202945477700393
BUENO,6.0674579144778
MALO,5.333679797500508
BUENO,5.819726043968089
MALO,5.554337936225768
BUENO,6.512495722565047
BUENO,6.283186348663497
BUENO,6.2769679237801785
MALO,5.785560205874635
MALO,5.8238896774292
MALO,4.7597390886694395
BUENO,6.066284429895184
MALO,5.544098925303047
BUENO,6.77578914459612
BUENO,6.132570415696382
BUENO,5.914596931729844
BUENO,5.610459952116892
BUENO,6.587891704639981
BUENO,6.155719981246893
MALO,6.348695840267325
BUENO,5.753261311395976
MALO,5.811493221286567
BUENO,6.050946889738702
MALO,5.530025658713674
BUENO,6.375052004102146
BUENO,5.569361182328278
MALO,5.636047118256762
BUENO,6.263539086535596
MALO,4.775019161264678
MALO,6.306909879062305
MALO,5.473188391020853
MALO,5.620014783856856
BUENO,6.2434804240620245
BUENO,5.785347747055402
BUENO,6.504769544118213
BUENO,5.703538199275043
MALO,5.634922420032423
MALO,5.851556497638003
MALO,5.582652887185608
BUENO,6.308792923718983
MALO,5.784466041922933
BUENO,5.250997990168916
MALO,5.33881793596927
BUENO,6.6596263571311916
BUENO,5.959917995526574
BUENO,5.859370154697611
BUENO,6.106877534719818
MALO,5.290141522271973
BUENO,6.1639558643006325
BUENO,6.3935521416134655
BUENO,6.4297514634217485
BUENO,5.827918367336521
BUENO,6.329768569074226
BUENO,5.401243188916061
BUENO,5.5552120043023265
BUENO,5.69320489254539
BUENO,6.419807203045796
BUENO,6.012546590723426
BUENO,5.97125935775834
BUENO,6.1516546578650075
MALO,5.363384914848694
MALO,5.301183269572877
BUENO,5.846214054322937
BUENO,5.922837226374925
BUENO,6.25444969271731
BUENO,6.330027485339357
MALO,4.906059910696012
BUENO,5.821115395195061
BUENO,5.626850237418637
BUENO,6.476704244863825
MALO,5.639080348055824
BUENO,5.567417067461019
BUENO,6.380346564076948
BUENO,6.461732249704706
BUENO,6.326744804028333
MALO,5.681385124152948
MALO,5.398851446813479
BUENO,6.098150249998847
MALO,5.78844282287271
BUENO,5.481625027702421
BUENO,6.610767284447476
BUENO,6.080491655345053
BUENO,5.9200847663625
MALO,5.162291601771582
BUENO,6.39482867048571
BUENO,6.675049029643288
BUENO,5.983219096723788
MALO,5.239015242513968
BUENO,5.648954426797222
BUENO,6.070248670841329
MALO,5.602816739969693
BUENO,6.2786869611786855
BUENO,6.012410970699368
MALO,5.435904771281274
BUENO,5.9651905995396
BUENO,5.898807442039152
MALO,5.689946974718191
MALO,5.405498438191526
BUENO,6.354579713142286
BUENO,6.952526471244829
BUENO,5.5664373837832155
BUENO,5.846214054322937
BUENO,6.552015001658203
BUENO,6.806320139664651
MALO,4.996621909626724
MALO,4.921599849755658
BUENO,5.625392081781278
MALO,5.088690582765391
BUENO,6.227365992812766
BUENO,6.067854946197425
BUENO,6.240594281087823
BUENO,6.241410218351465
BUENO,6.022654977547388
BUENO,6.0776825255308555
BUENO,5.645578097156141
BUENO,6.560231030233577
BUENO,6.178016238473958
BUENO,5.8544567336378766
BUENO,5.87704099897279
BUENO,6.423513416611753
BUENO,6.365142144166706
MALO,5.7388023771936805
BUENO,6.077442419655565
BUENO,6.538970274590133
BUENO,6.79530399123678
MALO,5.631402698628067
BUENO,5.75368314738664
BUENO,5.651653150730597
BUENO,6.206565429469782
MALO,5.326278533810616
MALO,5.510937673038944
BUENO,6.877688148421511
BUENO,6.155541510289925
BUENO,6.551303576150158
MALO,5.546748669690318
BUENO,6.57544462403969
BUENO,5.950491437367484
MALO,5.502263555354688
MALO,5.670365621052405
BUENO,5.607485081276861
BUENO,5.948152257399441
BUENO,5.646642333999681
BUENO,6.001121011258121
MALO,5.348933089173098
BUENO,6.682984671938344
BUENO,5.950088640311135
BUENO,5.766782547731771
MALO,5.566201238626848
BUENO,5.952183254879717
BUENO,5.683828380688599
BUENO,6.445372506231333
BUENO,7.170065005874763
BUENO,6.138172632750614
MALO,5.565134919622317
BUENO,6.48957614074715
MALO,5.085935212944514
BUENO,5.619892529919136
BUENO,6.238535354353338
MALO,5.003395468714783
BUENO,6.319914133368634
BUENO,6.07029019164603
BUENO,5.888828666047406
BUENO,6.715112498449928
BUENO,6.5732688887416
BUENO,5.949728933967384
MALO,5.167468634651771
MALO,5.232758778413733
BUENO,5.466144004431044
BUENO,6.091957607142916
MALO,5.371044880457555
MALO,5.595060155412931
BUENO,5.475243690939067
BUENO,6.10832981885806
BUENO,6.011881857119818
MALO,5.121558611726148
BUENO,6.081399936940857
BUENO,6.030722863468933
BUENO,6.254486161403152
BUENO,5.92506789090241
MALO,4.987767931329108
BUENO,5.936701899980891
MALO,5.107203706436929
BUENO,6.370198787581362
BUENO,6.780503625069683
BUENO,6.490473424931281
MALO,5.221273820906196
BUENO,6.032023372828952
MALO,5.938946053262981
BUENO,5.632034266129434
BUENO,6.1358121819455445
MALO,5.087228964241872
BUENO,5.846877250932204
BUENO,5.980711742870119
BUENO,6.055550077197048
BUENO,5.91749580091289
BUENO,6.556727777947119
BUENO,6.097722922811414
BUENO,5.40655156512629
BUENO,6.117641886816715
MALO,5.502776191668208
BUENO,6.649051913363406
BUENO,5.977783713854783
BUENO,6.779158729677045
MALO,5.4362075164474035
MALO,5.382809007523124
MALO,5.748039310613226
BUENO,6.0225821951043095
BUENO,6.07346846942092
BUENO,6.070590434588075
BUENO,6.518178760559495
BUENO,5.614868303443563
MALO,5.368082420234637
BUENO,5.61797656308983
BUENO,5.896812908172254
BUENO,6.426671261804872
BUENO,6.261484865519472
BUENO,5.836111324749961
BUENO,5.844141208345416
MALO,5.4462816800863525
BUENO,6.371385124910326
BUENO,6.361260001112017
BUENO,6.6314631639018025
BUENO,6.3317077723329955
BUENO,6.089409334054029
BUENO,5.97767157848147
BUENO,6.900482836519574
MALO,4.9850675015759105
BUENO,6.20545584266328
MALO,5.482587369878629
BUENO,6.2086698218112115
BUENO,6.098780253284682
BUENO,5.969006161545957
BUENO,5.636825440674387
BUENO,5.712394465603742
MALO,5.54540210313338
BUENO,5.90205007595969
BUENO,5.775033237410334
MALO,4.727802393833908
MALO,4.633992708564021
BUENO,6.905967128432538
BUENO,5.820217335683867
BUENO,6.456835525471371
MALO,5.335856452746773
BUENO,6.587685426124876
BUENO,5.7598288391619565
MALO,6.638614556482134
BUENO,6.061298245000638
BUENO,5.966769621297081
BUENO,5.762955423910441
BUENO,6.145968381037026
MALO,5.795922751957491
BUENO,6.065372270285081
MALO,5.693248946498381
BUENO,6.414854909358176
BUENO,6.148660189895615
BUENO,6.11948009623214
BUENO,6.040006190396522
BUENO,6.137013156747191
MALO,4.3942212544203825
BUENO,5.984872697383173
BUENO,6.103161259973405
BUENO,6.543752952358636
BUENO,6.2872723773264365
MALO,5.4890431232277805
MALO,5.3904822572633
BUENO,6.832991746160987
MALO,5.720552512872841
MALO,5.3028254746437415
MALO,6.063042190216143
MALO,5.397650942135156
MALO,5.021675080230851
MALO,5.545121764520717
BUENO,6.284186709576128
BUENO,6.507025129099421
MALO,5.337035411821767
BUENO,6.6101438096037874
BUENO,5.957627996510771
MALO,4.982810899112987
BUENO,5.718273022133886
BUENO,5.872393908318138
BUENO,6.008681403489684
BUENO,5.803797787667019
BUENO,6.243077560455534
BUENO,5.8305580214628865
BUENO,5.838311604630041
BUENO,5.982138477310938
BUENO,5.421083837448814
BUENO,5.382389457557634
BUENO,5.628494500740034
BUENO,6.575298266022962
BUENO,6.015293305241955
MALO,4.7522508872274205
MALO,5.145822939810019
BUENO,5.732787783143037
MALO,5.772390284964514
BUENO,5.988765835264479
BUENO,6.4524876041171755
BUENO,6.069749374823136
MALO,4.929636235517283
BUENO,6.101810373568404
MALO,5.697802184975286
BUENO,6.336797933025288
MALO,5.542699515860245
MALO,6.080438825738185
BUENO,6.65569283860442
BUENO,6.471197950052584
BUENO,6.038333825495294
MALO,5.3179762994518605
BUENO,6.025883486458522
BUENO,6.025669524471159
BUENO,5.90498310988796
BUENO,6.713275975360926
BUENO,5.366459530115984
BUENO,6.767779976514545
BUENO,6.1073678282742065
BUENO,6.01236167749685
BUENO,6.020051659916209
BUENO,6.253781125904416
MALO,5.501233273974726
BUENO,6.725812027189583
BUENO,6.051047431740791
BUENO,6.181061110858523
BUENO,6.497507537789849
MALO,5.458945315201539
BUENO,6.489787782669763
BUENO,6.228361802356648
BUENO,6.033758084650449
BUENO,6.016541894259473
BUENO,6.225468128643136
BUENO,5.745641210451502
BUENO,6.781706226623946
BUENO,5.883325752738283
BUENO,6.307209401317987
MALO,5.332246856526224
BUENO,5.898134743367056
BUENO,6.315290062840576
BUENO,6.042119520812568
BUENO,5.56978667416139
BUENO,5.989709031785049
BUENO,6.093296008268524
MALO,5.079406957076349
MALO,5.231418054904578
BUENO,5.867751046729885
BUENO,6.169479456558896
BUENO,6.3023989390156725
MALO,5.254452938312232
BUENO,6.0832478439220905
BUENO,5.623930617970846
MALO,5.357370535932441
BUENO,5.804791274547748
BUENO,5.932804543494088
BUENO,5.954544608246103
BUENO,6.36490552928278
BUENO,6.169507920107634
BUENO,5.74576559488642
MALO,5.528742792284257
BUENO,6.191241516377944
BUENO,6.265427547006068
BUENO,6.19374997487149
MALO,5.135563057254284
BUENO,6.734145179544985
MALO,5.554052646443525
MALO,5.73169699725649
MALO,5.319925199976719
BUENO,6.076215957260632
MALO,4.389490962929965
BUENO,6.18391831108358
BUENO,5.679108595426175
BUENO,6.5492595723472515
BUENO,5.665261853498615
BUENO,5.620971942194072
MALO,5.326417772369805
BUENO,6.323695568044695
BUENO,5.644384844813677
BUENO,5.650217579403863
BUENO,5.651921750076953
MALO,5.269348390461213
BUENO,6.054115111022964
BUENO,6.022274000965859
BUENO,5.745641210451502
BUENO,6.145321168422215
BUENO,6.073041706842542
BUENO,6.369209007758544
BUENO,6.1065660212915525
BUENO,5.698612239076613
MALO,5.096915901534395
BUENO,5.9832445693748895
BUENO,5.802371216161873
BUENO,5.600571083300773
MALO,5.554052646443525
BUENO,6.099092990456235
BUENO,6.634058467462408
BUENO,5.997359343719409
BUENO,5.795416535266076
BUENO,5.78731902451876
BUENO,5.8583080848743485
BUENO,6.138609742502049
BUENO,5.807649717462706
MALO,4.890098910942559
BUENO,5.991526922335472
BUENO,6.75763449203712
BUENO,5.685693818317796
BUENO,6.36159506972939
MALO,5.5758786079223
MALO,5.576061397895818
BUENO,5.969390812522676
BUENO,5.7372989183001195
BUENO,6.430561327201405
MALO,5.334519974401571
MALO,5.45101671055251
BUENO,6.254367654800542
BUENO,5.549622632119321
BUENO,5.829031904913332
BUENO,6.142817904573359
MALO,5.54248464529185
MALO,5.728157486247216
MALO,5.389673700714837
BUENO,6.598204952610706
BUENO,6.206749843342779
BUENO,5.53493791518725
BUENO,5.87136469238609
MALO,5.658639372348535
BUENO,6.6622660610946784
BUENO,6.702966283187584
BUENO,6.345281173323947
MALO,5.619374757266165
BUENO,5.6834707825544735
BUENO,5.932501942126006
BUENO,5.958202540350953
MALO,5.113004231638288
MALO,5.5483438007748624
MALO,5.529086984816724
MALO,5.157151885392515
BUENO,5.704929021829836
BUENO,6.283186348663497
MALO,5.107534105193372
BUENO,6.070154838976542
MALO,5.585139216971847
BUENO,5.880714640088719
BUENO,6.302690157483372
MALO,4.99752138637347
BUENO,5.897629451569056
BUENO,6.774722039573733
BUENO,6.500904783354262
BUENO,5.800762033989033
MALO,4.815828047680231
BUENO,5.525650503510584
MALO,5.299647882802625
BUENO,6.240139455180127
BUENO,5.579163947630513
BUENO,6.57735287489659
BUENO,5.7456140170193475
BUENO,6.076724809207512
MALO,5.1213775473765715
BUENO,5.882549600146942
MALO,5.382809007523124
BUENO,5.2692269743034945
BUENO,6.061555846865703
MALO,5.455497650209992
MALO,5.887658709642553
BUENO,5.871034054906165
BUENO,5.669916595471706
MALO,5.577607546188339
BUENO,5.688162389363319
BUENO,6.390791505793105
MALO,5.109915434278241
MALO,5.403740391803193
BUENO,5.428770170546976
BUENO,5.938814552969086
BUENO,5.49017389478473
BUENO,6.448658171308452
BUENO,5.648542275241294
BUENO,5.7129892599728
BUENO,5.710460264096691
BUENO,6.929357831435347
BUENO,6.446492652523347
MALO,4.215673575358119
BUENO,5.810326833638122
BUENO,5.733634449343418
BUENO,6.834550116988009
BUENO,6.0441359720785925
BUENO,5.947420125782063
MALO,5.48060342140542
BUENO,5.978716894855914
BUENO,6.7264530953794
MALO,5.211026142784737
BUENO,5.826901392816255
BUENO,5.469192285921403
BUENO,5.446761280153279
BUENO,6.076603817617322
BUENO,5.578548108382165
BUENO,6.201036812153828
BUENO,5.419688550270283
BUENO,5.534390823181026
MALO,5.553395472100255
BUENO,5.478840145090513
MALO,5.489460509174195
BUENO,6.396451042756642
BUENO,6.175813103839381
BUENO,5.528033395185412
BUENO,6.033988440798006
BUENO,5.1832635750276435
BUENO,6.261268721307159
BUENO,6.815686352596035
BUENO,5.563821217316505
BUENO,6.192227823770923
MALO,5.261070374996324
BUENO,6.444812995018669
BUENO,5.648954426797222
MALO,5.5867952787019055
MALO,5.375609837870307
BUENO,6.020579312916196
BUENO,5.953632118744238
BUENO,6.370198787581362
MALO,5.394504717660141
BUENO,5.971340399600143
BUENO,5.801454080726526
BUENO,6.466491905351598
MALO,5.476630938243546
BUENO,6.212762650409491
BUENO,5.724082827171282
BUENO,6.548133809484012
BUENO,6.167006763022449
BUENO,6.227365992812766
BUENO,5.907395883562085
BUENO,6.513911016748461
MALO,5.2175025941531885
BUENO,6.56485922414705
BUENO,6.154882274339483
BUENO,5.62232123067653
BUENO,5.553406818488581
BUENO,5.64230825059477
BUENO,5.648954426797222
MALO,5.326278533810616
BUENO,6.496556266341694
MALO,6.053995425418552
MALO,5.375399408861333
BUENO,5.932608631042596
MALO,4.3291525938141024
MALO,5.261032471625644
BUENO,5.815244770460087
MALO,5.566381003831932
BUENO,6.380138528218287
BUENO,5.918285670159089
BUENO,6.436795717563479
MALO,5.548472317239357
BUENO,6.458749253195432
MALO,3.9048202420557794
BUENO,6.338667966988192
BUENO,6.116969984543877
MALO,5.675992531856312
BUENO,6.007898425511357
BUENO,5.838048710731803
MALO,7.194140685491984
BUENO,5.933415632092052
BUENO,6.155541510289925
BUENO,6.452517931138681
BUENO,5.116085006702418
BUENO,5.785521769362475
BUENO,5.781625507855273
BUENO,5.471207893687309
BUENO,6.50011132268793
BUENO,6.0083936241706155
BUENO,6.188310695683912
MALO,5.61764351576627
BUENO,6.484925417144211
BUENO,6.314288315766399
BUENO,5.2017757659436
MALO,5.361308613526342
BUENO,5.270659397713073
BUENO,5.897685006670517
BUENO,5.57432727262538
BUENO,6.020647082371925
BUENO,6.519579997893834
BUENO,6.490100351310689
BUENO,6.532224209542395
BUENO,6.277530056504194
MALO,5.272433073581049
BUENO,6.098674061191993
BUENO,6.254892474656179
MALO,5.552448936556383
BUENO,5.948881310946469
BUENO,5.522596202922667
BUENO,6.305578751855402
BUENO,6.312953721329441
BUENO,5.545799798773725
BUENO,6.342253965678813
BUENO,5.8453408820941295
BUENO,6.064784947541243
BUENO,5.961307866798478
BUENO,5.289555092984948
BUENO,5.930641922416279
BUENO,6.684836191288316
BUENO,5.994616779341769
BUENO,5.753270080992516
MALO,5.105825107674875
BUENO,6.284520618463652
BUENO,5.8493760795391285
BUENO,6.326911557856672
BUENO,5.882297609299474
BUENO,5.695621627716693
BUENO,6.035304421993844
BUENO,6.109386200113658
MALO,5.54540210313338
MALO,5.769986367148542
MALO,5.886108258016405
BUENO,6.077442419655565
BUENO,6.030238415814701
BUENO,6.336336860334615
BUENO,5.902681611970391
BUENO,6.256801068146773
BUENO,6.037344307795744
BUENO,5.88845528933189
BUENO,6.730558769350871
BUENO,6.663746215618566
BUENO,6.112440707743408
BUENO,6.674247267954534
BUENO,6.092135768202448
BUENO,6.7321319930726045
BUENO,5.916421906164629
BUENO,6.394536372098729
BUENO,5.803797787667019
MALO,5.211120229107463
BUENO,6.072007242714097
BUENO,6.113005694719279
BUENO,6.4178535920775275
BUENO,6.37210521206128
BUENO,6.022602646378287
BUENO,6.426671261804872
MALO,5.5741718987598485
MALO,5.9591541865206334
MALO,5.5778286628429194
BUENO,5.952770368970272
BUENO,6.189669275851781
BUENO,5.532546948317258
BUENO,5.844595796419014
MALO,5.409904209876769
MALO,5.200310097977911
MALO,5.412090865360279
BUENO,6.650650546158486
BUENO,6.571148607110496
BUENO,5.579441998964786
MALO,4.4695323052501035
BUENO,5.727535621932326
BUENO,6.407988305999595
BUENO,5.907368647063188
BUENO,5.969214670578442
BUENO,5.92803045696699
BUENO,6.353088541259158
BUENO,6.005662426834311
BUENO,7.027824077598696
BUENO,5.992367363480313
MALO,4.92105082717325
BUENO,6.443367679101753
BUENO,6.154121431743826
MALO,5.6646996071671625
BUENO,5.599316653398909
BUENO,5.844502489745209
MALO,5.162291601771582
BUENO,5.969872561951643
BUENO,6.546670747722411
BUENO,6.668660293018149
BUENO,4.288380448228709
MALO,5.128130497302216
MALO,5.446706520230598
BUENO,6.121103145164284
BUENO,5.709067362300486
BUENO,6.412172232068354
MALO,5.916667826119573
MALO,5.422599488767545
BUENO,5.7865409833100365
BUENO,6.080915713839415
BUENO,5.8404061727491445
BUENO,5.840067191076924
BUENO,6.171994630809008
BUENO,6.6596263571311916
BUENO,6.173274941175537
BUENO,6.032873896501986
BUENO,6.2052244925273
BUENO,5.853120615341044
MALO,5.0902349067072015
BUENO,5.713013552169343
MALO,5.531695778204711
MALO,5.090943262868066
BUENO,5.775426999217558
BUENO,6.43791707076786
MALO,5.239448773761645
BUENO,6.074110656005383
BUENO,6.485767035599325
BUENO,5.578703093179207
BUENO,6.144271076714363
BUENO,5.797781171296233
MALO,5.594449254625528
BUENO,5.498031424907081
BUENO,5.627715292530318
MALO,5.342363133069071
BUENO,5.898807442039152
MALO,5.696860234656638
MALO,4.900535867430708
BUENO,5.782595325275683
BUENO,5.93873031700209
BUENO,6.60240700341277
MALO,5.658217534236059
MALO,5.127287029043421
MALO,5.2017545214941165
BUENO,6.132493360433507
MALO,5.231195713323125
BUENO,5.928562748622201
MALO,5.462142220058402
MALO,5.717423611625211
MALO,5.8312251048032735
BUENO,5.8811067557707215
MALO,5.332246856526224
BUENO,6.457326636496605
MALO,5.279052112314545
BUENO,6.820640198368121
BUENO,6.466711746053873
BUENO,5.932487159206977
MALO,5.10599009385822
BUENO,5.518338460319642
MALO,5.390632429790143
BUENO,5.639820807462923
BUENO,5.873515741747445
BUENO,5.919384432326817
MALO,5.627265817749711
BUENO,6.278796400514572
BUENO,6.3805536795803
MALO,5.506767633003722
MALO,5.3917970222799525
MALO,5.681283237251796
BUENO,6.577762242089937
MALO,5.187575481906959
BUENO,5.74349006376283
MALO,5.540307710969824
BUENO,5.62222887205967
BUENO,6.284260864097295
MALO,5.66296872605723
BUENO,6.006123094878473
BUENO,5.648542275241294
BUENO,6.270108373221952
BUENO,5.718709129533231
BUENO,6.048147477776224
BUENO,6.037344307795744
BUENO,5.857250273419096
BUENO,6.227970409803255
MALO,5.358786918061973
BUENO,5.742479101817677
BUENO,6.674247267954534
BUENO,5.90205007595969
BUENO,6.276495294094907
BUENO,6.379104792782201
BUENO,6.060495943200285
MALO,5.636297383362161
MALO,5.026113717007549
BUENO,6.360256280826658
BUENO,6.163159362801155
BUENO,6.202754405995677
BUENO,6.330346363994053
MALO,5.561859467824188
BUENO,6.143761538608169
BUENO,5.9642948831768425
MALO,5.115881365545275
MALO,5.038498384345102
BUENO,5.399532544486538
BUENO,6.396731365118896
MALO,4.382158826324082
BUENO,6.040981763978573
BUENO,5.628292682972788
BUENO,5.770995763952092
BUENO,6.233078798265975
BUENO,5.988665873909735
BUENO,5.886530396132375
MALO,5.6426143181377135
BUENO,6.071699902407371
BUENO,5.82684054052644
BUENO,6.1474290402118825
BUENO,6.037799498937087
BUENO,5.9168887601685585
BUENO,6.340451156435334
BUENO,5.88148380982064
BUENO,5.516412867259054
BUENO,6.088731432927535
MALO,5.718030043082747
BUENO,6.231034463587058
MALO,5.574011755496974
BUENO,6.082088173387903
BUENO,6.954891428247878
MALO,4.7901359933395256
BUENO,5.5862309652758375
BUENO,5.801325977717969
BUENO,6.099092990456235
BUENO,5.86954863066065
BUENO,5.7672369808717034
BUENO,6.389716242814474
BUENO,5.9974212353689715
BUENO,5.971152861369507
MALO,5.3194222465970675
BUENO,5.846877250932204
BUENO,6.931415286325127
BUENO,6.377433686874188
BUENO,6.371015556851821
BUENO,6.104214526006363
BUENO,6.4900759459518955
MALO,5.428552655966355
BUENO,6.414060385965707
BUENO,5.636825440674387
MALO,5.5758786079223
BUENO,5.725423191570679
BUENO,5.685747741621363
BUENO,6.514697548284714
BUENO,5.772235644150555
MALO,5.6297837666489645
BUENO,5.664508369859366
BUENO,6.173384676253946
BUENO,5.460038560257324
BUENO,6.298103894555533
BUENO,5.750224917912508
MALO,5.031415852238619
BUENO,5.499116555292543
MALO,5.445369428079889
BUENO,6.202945477700393
BUENO,5.517601094893553
BUENO,5.8583080848743485
BUENO,6.1396457730705905
BUENO,6.037799498937087
MALO,5.516632973980915
MALO,5.4853304995360945
BUENO,6.435606337093525
BUENO,6.367198828730221
MALO,5.446270772861785
MALO,5.547898278147402
BUENO,6.337181696428477
BUENO,5.94498284494132
BUENO,6.044388000063204
BUENO,6.728278379860647
MALO,5.285517839313172
BUENO,5.87633288882577
BUENO,5.976952372891283
BUENO,5.846877250932204
BUENO,6.0678804572379645
MALO,5.258586010854806
BUENO,6.692125092272272
BUENO,6.080058958356563
BUENO,6.145522770485043
BUENO,5.744417669675775
MALO,4.184362730184864
MALO,4.996621909626724
MALO,5.600613169805955
MALO,5.224028209251623
BUENO,5.743684880451509
MALO,5.627102148229595
BUENO,6.519579997893834
MALO,5.847039019320258
BUENO,6.001306327216506
MALO,4.025343785357925
BUENO,5.977823029137204
MALO,5.652315820013859
BUENO,5.9346670225133575
BUENO,6.481091593379716
BUENO,6.3564576078879895
BUENO,6.952526471244829
MALO,5.593880125635948
MALO,5.4890431232277805
MALO,5.560850357431222
BUENO,6.101378047430904
BUENO,6.312142154595378
BUENO,5.644328402634043
BUENO,6.7502329479711385
MALO,5.220670172217211
BUENO,5.8676716707622205
BUENO,5.618789709964755
MALO,5.597984939999714
MALO,5.648350305558717
BUENO,5.682465744213159
BUENO,6.188941928195337
BUENO,6.40559262251938
BUENO,6.048932559402159
BUENO,6.126216873662118
BUENO,6.191295628905987
MALO,5.596324423748508
BUENO,5.522621144042786
BUENO,5.629886764585948
BUENO,6.389802663579397
MALO,5.397650942135156
BUENO,5.6047512107722195
MALO,5.178880539232106
BUENO,5.88431269587612
BUENO,5.59306742420589
BUENO,5.878541338736021
BUENO,6.110482542105452
MALO,5.467632515886439
BUENO,5.648954426797222
BUENO,5.651921750076953
MALO,5.795741917518164
MALO,5.6831354470283575
BUENO,5.882202652488807
BUENO,5.7865409833100365
BUENO,5.695377145069763
BUENO,5.761550128912678
BUENO,6.6233440827492895
BUENO,5.61797656308983
BUENO,6.12530601966084
MALO,5.254847345163084
BUENO,6.99695597052999
MALO,5.638976996802859
MALO,5.566201238626848
BUENO,6.666444155746236
BUENO,6.3203190305008725
BUENO,6.271050330942863
BUENO,6.780503625069683
BUENO,5.53493791518725
BUENO,6.36192277806099
MALO,5.217926358622719
BUENO,5.722389597391911
BUENO,5.836305823856035
MALO,5.372363442961001
MALO,5.405090794886354
BUENO,6.2440521352638125
BUENO,6.057423709111241
MALO,5.40081557829956
BUENO,6.2434804240620245
BUENO,5.896876870304167
BUENO,5.425618098998921
BUENO,5.2692269743034945
MALO,5.457776812865527
MALO,5.647342560861338
BUENO,5.7982519556641545
BUENO,5.709994210441623
MALO,5.3179762994518605
BUENO,6.287996891098542
MALO,5.446706520230598
BUENO,6.064027549489609
BUENO,6.408221405818805
BUENO,5.979968049990632
BUENO,6.131676596998659
MALO,5.874717137462154
BUENO,5.650217579403863
MALO,5.445849099978478
MALO,5.445388337298313
BUENO,5.713013552169343
BUENO,7.1059316893393465
BUENO,6.357841348703664
MALO,5.566724698345143
MALO,5.517935710514378
MALO,5.301183269572877
BUENO,6.1118436466745525
MALO,5.748745994029451
BUENO,6.59451105370457
BUENO,6.366576719105824
MALO,5.326417772369805
BUENO,5.961707684170371
MALO,5.072828874453373
BUENO,5.943876413546299
MALO,5.742048071441194
BUENO,5.916528587269994
BUENO,6.43791488311755
BUENO,6.157051509078299
BUENO,6.086919458419876
BUENO,6.030176841066504
BUENO,6.385265567238287
MALO,5.1591128947277305
BUENO,5.869294506242287
BUENO,5.990831877549235
BUENO,5.952710124370995
MALO,5.107203706436929
BUENO,6.171301855541353
MALO,4.708946032640823
BUENO,5.957345857328082
MALO,5.098576532566147
MALO,5.657369856460715
BUENO,6.088942504750925
BUENO,6.227449060766297
BUENO,6.295372168626873
MALO,5.396693776387282
BUENO,6.23982258038788
BUENO,6.179598408078502
BUENO,5.361180819205609
BUENO,5.677513244681814
BUENO,5.62419716335938
BUENO,6.848851173683482
BUENO,6.35121733091608
BUENO,5.9983127876764115
BUENO,6.78112729796217
BUENO,5.6624982930588885
BUENO,6.336268218200878
BUENO,5.876691535540113
BUENO,5.916657678854801
BUENO,5.478573717889046
MALO,4.316328300387191
BUENO,5.703430511283005
BUENO,5.933556222867265
MALO,5.434667870739318
BUENO,5.543985088538456
BUENO,5.629338147137341
BUENO,6.122681546079809
BUENO,5.785068752607332
BUENO,6.081287201626866
BUENO,5.788850296949946
BUENO,5.7597048823602055
MALO,4.802392250568122
BUENO,5.9923783098544074
BUENO,6.022602646378287
MALO,5.150911976774136
BUENO,6.377177913889085
MALO,5.531364965301474
BUENO,6.237824371363594
BUENO,6.390068265639901
BUENO,6.656613052778422
BUENO,6.8823048249274095
MALO,5.702053563228599
BUENO,6.418149312551417
BUENO,5.73051235132592
BUENO,6.173030396376307
BUENO,6.217598201044829
BUENO,6.718535350648574
BUENO,5.599495351262387
BUENO,6.614593043656898
BUENO,5.673672381180953
MALO,5.553900135843415
BUENO,6.389802663579397
BUENO,5.577240639980017
MALO,4.771024644936665
MALO,5.572042229607366
MALO,5.468670310325354
BUENO,6.562455694733041
BUENO,6.003556428460842
BUENO,5.756841854738068
BUENO,5.748239152387989
BUENO,5.778487411898849
BUENO,6.335771890865779
BUENO,6.4756256606190075
BUENO,5.9434460810682594
BUENO,6.2898317265038095
BUENO,5.619563426653896
MALO,5.43365187550876
MALO,5.125089778275884
BUENO,6.622635571449138
BUENO,5.975154280500915
BUENO,5.814546326426696
BUENO,6.683858897663102
BUENO,6.101649097449779
BUENO,5.730514277838506
BUENO,5.756841854738068
MALO,5.122712653863461
BUENO,5.570550013555589
MALO,5.512620960414307
BUENO,6.223718449067768
BUENO,5.713013552169343
BUENO,6.059272100226601
MALO,5.482793191835892
BUENO,5.948821172979054
BUENO,6.021889480142428
BUENO,5.82965432721776
BUENO,6.216328681364054
BUENO,5.742168827796785
MALO,5.016781170196185
BUENO,6.6721548767763394
BUENO,6.4848985209674215
BUENO,5.609938713702325
BUENO,5.876691535540113
BUENO,5.979760155347169
BUENO,5.76181460856635
BUENO,6.47836660906129
BUENO,6.357562973084262
BUENO,6.432920887588812
BUENO,5.608769311551466
BUENO,6.21323421850383
BUENO,5.718273022133886
BUENO,6.4934708784391475
MALO,5.638976996802859
MALO,5.549479587079748
BUENO,5.9419751327000245
MALO,5.026113717007549
BUENO,5.764302190450174
BUENO,6.359188292577857
BUENO,6.010908407224655
BUENO,5.874075428105117
BUENO,5.814287110062333
BUENO,5.741965735860964
MALO,5.5014219949393866
BUENO,6.044544260726083
MALO,5.860594700448843
BUENO,5.880714640088719
BUENO,6.482458838189039
BUENO,5.304360566242508
MALO,5.630734429847902
BUENO,6.023228839388558
BUENO,5.697070804922625
BUENO,5.545799798773725
BUENO,5.8497883890739715
BUENO,6.433158988192725
MALO,5.5016749657112385
BUENO,6.002493066923284
BUENO,6.058240753736248
MALO,5.311107463029197
MALO,5.568255958220034
MALO,5.741544456418401
BUENO,5.546908919858867
BUENO,6.50985291240729
BUENO,6.258497175192776
MALO,4.82185299391573
BUENO,5.457828432006326
BUENO,5.977682105110438
MALO,5.281520648864025
MALO,4.6248089769146405
BUENO,5.495979375764648
BUENO,5.908475020597028
BUENO,5.914423704652176
MALO,5.78844282287271
BUENO,5.718148031308688
MALO,5.540954739764164
MALO,5.951535068781724
BUENO,5.832362433529569
BUENO,5.813380180167868
BUENO,5.464845200897771
BUENO,6.411063536272195
MALO,5.308879323556427
BUENO,6.2171319497581035
MALO,4.711491124773676
BUENO,6.710660655528947
MALO,5.304684378357862
BUENO,5.883325752738283
BUENO,5.506763874430414
BUENO,6.030176841066504
BUENO,6.209542177271377
BUENO,5.559118576168629
MALO,5.299590490719337
MALO,5.352815163274478
MALO,5.64556228100388
MALO,5.321846943078789
BUENO,6.808601394033113
BUENO,6.515436858067847
BUENO,6.114310799430093
BUENO,6.702163606398836
BUENO,5.489663745328639
BUENO,6.223129293453484
BUENO,5.778203593812739
BUENO,5.798053131175148
MALO,5.326531698781842
BUENO,6.543806395111146
BUENO,6.576482211601649
MALO,5.122728083982475
BUENO,6.169452059592505
MALO,5.201257408521089
BUENO,6.203075313635008
BUENO,5.985354622097535
BUENO,5.723049744546317
BUENO,6.746914469161897
BUENO,6.289936814443282
MALO,5.521372201204999
BUENO,5.687459350840828
BUENO,6.090864509888906
BUENO,6.495324035443405
BUENO,5.60704514509574
MALO,5.597222810568244
MALO,5.12710982226789
BUENO,6.560166088677377
MALO,5.630734429847902
BUENO,6.310050049088158
BUENO,5.728322368376853
BUENO,6.039994602574526
BUENO,6.480036043084759
BUENO,6.7889097769589775
MALO,5.40081557829956
BUENO,6.173313138744478
BUENO,5.533480275483779
MALO,5.1719810289714925
BUENO,6.927494478587679
BUENO,5.840699663001361
BUENO,5.57432727262538
BUENO,6.431809182312538
BUENO,7.027824077598696
BUENO,6.325858954841374
BUENO,5.962713924863655
BUENO,6.156034188899042
BUENO,6.019907031345866
MALO,5.223333796031103
BUENO,6.326496869957362
MALO,5.573608537362016
MALO,5.69124318627527
MALO,5.445369428079889
BUENO,5.739552668683512
BUENO,5.552717022489589
BUENO,5.644384844813677
BUENO,6.584686155527901
BUENO,6.358311254830404
BUENO,6.510424356068178
BUENO,5.714455263132974
BUENO,6.501806287938971
BUENO,6.1105181475098735
MALO,5.214843675399816
BUENO,6.513864920484723
MALO,5.731373371690786
BUENO,6.345233578047392
MALO,5.32925429380253
BUENO,6.397224527397455
BUENO,5.96762002397789
BUENO,6.024926110548707
MALO,5.422708048702029
BUENO,6.0252373202326215
BUENO,5.930871534035365
BUENO,6.716143886764716
MALO,5.33881793596927
BUENO,5.444601131236455
MALO,5.487062549342717
BUENO,5.760463914044568
MALO,5.529794136035292
MALO,5.956336750397542
MALO,5.48371888297576
BUENO,5.8283885770028565
BUENO,5.696009333460337
BUENO,6.326517566731765
BUENO,6.111445420824998
BUENO,5.975033844783901
BUENO,5.714176418999877
BUENO,5.569361182328278
MALO,5.2864590051454705
BUENO,6.490100351310689
MALO,5.106249957536037
MALO,5.816175236611221
MALO,5.289721882476998
MALO,5.344125900368743
BUENO,5.990699018934102
MALO,5.739822877084411
BUENO,5.958836825745138
BUENO,5.650974150095957
MALO,5.596209010577793
BUENO,5.666861210504322
MALO,5.336613979364078
MALO,5.737784660865098
BUENO,5.627988639822505
MALO,5.491173854232226
BUENO,6.151979375901687
BUENO,6.041649239573353
BUENO,5.99682588736517
BUENO,5.803797787667019
BUENO,5.81245802985867
BUENO,5.724312505864557
BUENO,6.022569656298332
MALO,5.679455864801991
BUENO,5.629886764585948
BUENO,6.487946181762753
BUENO,5.833394425988205
